engine_id,cycle,timestamp,temperature,vibration,pressure,rpm,failure_within_30_cycles
1,1,2026-01-01 00:00:00,546.9129784303897,0.1891268813609317,119.68973833868573,3000.456930886632,0
1,2,2026-01-01 00:10:00,551.453944123129,0.15183792789243603,121.77582267285172,3005.552705389576,0
1,3,2026-01-01 00:20:00,551.5829802301917,0.14486625927176636,116.82910771168953,3021.0500777244706,0
1,4,2026-01-01 00:30:00,554.0260209925411,0.14566960569927406,121.21442166160733,2994.666324607306,0
1,5,2026-01-01 00:40:00,549.5004595205814,0.180605665928129,119.24256313321555,2997.2860524004323,0
1,6,2026-01-01 00:50:00,549.9162032856478,0.13333003852892927,116.75949734863264,2985.7783918058212,0
1,7,2026-01-01 01:00:00,,0.18302637688817447,121.44641627764922,3002.637082473042,0
1,8,2026-01-01 01:10:00,549.2167017630019,0.1943624517520145,115.67255502956598,2988.150999135825,0
1,9,2026-01-01 01:20:00,544.3999220226926,0.13952851909689584,115.37900685537431,2987.2583435790325,0
1,10,2026-01-01 01:30:00,555.3372968924946,0.11692626807241875,119.84097501705813,2999.3124682889315,0
1,11,2026-01-01 01:40:00,555.1841418726882,0.13428282803203734,120.17031933004584,3005.800057000132,0
1,12,2026-01-01 01:50:00,548.4117974215171,0.18411848090542227,120.88027415936344,2956.270666918262,0
1,13,2026-01-01 02:00:00,551.9479060063662,0.1604052993631275,120.33475476234071,2993.919963662919,0
1,14,2026-01-01 02:10:00,551.253442472068,0.18298053791216096,121.71574819008578,2983.571259612102,0
1,15,2026-01-01 02:20:00,551.6192503628337,0.22944579778410434,120.0745190558961,3000.954585556634,0
1,16,2026-01-01 02:30:00,547.5590385842575,0.6561140842300581,118.3210364712311,2982.1045145750427,0
1,17,2026-01-01 02:40:00,552.3380944542439,0.1291104282545226,118.35001533747696,3004.488162188042,0
1,18,2026-01-01 02:50:00,556.2682995222848,0.20515369075893936,117.8443974010311,2973.9422024827945,0
1,19,2026-01-01 03:00:00,562.4022209991907,0.16637939393475454,118.91139703779665,2949.7494712751145,0
1,20,2026-01-01 03:10:00,556.1550747562464,0.20077041766992962,116.03735246176171,2998.0943375990255,0
1,21,2026-01-01 03:20:00,555.5876519708062,0.21014740759218092,118.8254908059577,2968.7832896547156,0
1,22,2026-01-01 03:30:00,553.9233062733912,0.13084543909277774,117.88242160512131,2956.848707136692,0
1,23,2026-01-01 03:40:00,553.9174704938812,0.22627160689512166,118.5181211445041,2979.909309566952,0
1,24,2026-01-01 03:50:00,558.8091702918692,0.20906132356171891,118.43589910861536,2975.1968503962876,0
1,25,2026-01-01 04:00:00,557.0885716170462,0.15064465535610555,112.88552604598732,2990.247127122363,0
1,26,2026-01-01 04:10:00,554.5574091769662,0.1890025427991685,115.89906982123419,2990.4027368828633,0
1,27,2026-01-01 04:20:00,553.6480505982936,0.18921598804920398,117.39600234033058,2977.5669033734234,0
1,28,2026-01-01 04:30:00,556.4760598076583,0.182067434051116,117.41389196185769,2961.9763796557604,0
1,29,2026-01-01 04:40:00,555.6089983398538,0.21824855674427862,117.95524270639717,2978.6687598023423,0
1,30,2026-01-01 04:50:00,557.4419799489513,0.24320744870124192,117.95276287900583,2975.958578685234,0
1,31,2026-01-01 05:00:00,557.0188309589462,0.18842601151046165,120.29213515415509,2981.1307351999176,0
1,32,2026-01-01 05:10:00,559.1238478447407,0.24386893340947283,117.79618768042795,2958.5906064761502,0
1,33,2026-01-01 05:20:00,554.4090625477348,0.9779574290365062,116.45682551174392,2964.823136184255,0
1,34,2026-01-01 05:30:00,561.7290154671061,0.20516346196760443,113.79622819304657,2977.5854231262574,0
1,35,2026-01-01 05:40:00,567.0365965832209,0.2056568641828468,114.16889711698259,2987.770679309139,0
1,36,2026-01-01 05:50:00,562.5311954159408,0.1553243867513766,117.88866317796146,2982.6656256995043,0
1,37,2026-01-01 06:00:00,559.8548099757859,0.14429300286333113,118.85017539617674,2968.52364074685,0
1,38,2026-01-01 06:10:00,562.0927969290005,0.21390075014665003,119.72362597173692,2959.0979144201883,0
1,39,2026-01-01 06:20:00,556.6688765680898,0.17611814379657773,114.89670003001387,2971.5821702586427,0
1,40,2026-01-01 06:30:00,555.1948687406049,0.21190467977246116,115.8563595269282,2948.2700274184986,0
1,41,2026-01-01 06:40:00,,0.1953178033811545,116.86035797990104,2951.501884488435,0
1,42,2026-01-01 06:50:00,558.8275639652874,0.1484580031138658,120.38209065994003,2985.51949786369,0
1,43,2026-01-01 07:00:00,556.6505734427226,0.2376629579052972,116.4286179640521,2968.019467476947,0
1,44,2026-01-01 07:10:00,558.2974527211957,0.21024177958379994,119.213022947035,2955.8920713690964,0
1,45,2026-01-01 07:20:00,557.7961883898228,0.2335626385294095,116.36204525332843,2972.658074743917,0
1,46,2026-01-01 07:30:00,561.8397507362819,0.19824087996780687,118.24019203031547,2978.6416410323295,0
1,47,2026-01-01 07:40:00,563.4314512570674,0.22426336455920287,117.89846356050748,2951.7834753003485,0
1,48,2026-01-01 07:50:00,,0.30384098629914136,116.08908234236436,2951.1579416367385,0
1,49,2026-01-01 08:00:00,564.8653174323152,0.25041690951232093,113.62774179276852,2948.395396272723,0
1,50,2026-01-01 08:10:00,564.6959326182534,0.2711863748244535,115.04192162137967,2970.2588597531058,0
1,51,2026-01-01 08:30:00,562.058060340736,0.2023762629161919,118.46980305495127,2969.5204887846253,0
1,52,2026-01-01 08:20:00,561.0577446106253,0.3528597503130362,117.1589652540873,2974.8216989906373,0
1,53,2026-01-01 08:40:00,558.652335711468,0.3352014018330808,114.44761647352813,2968.278215518451,0
1,54,2026-01-01 08:50:00,566.7243552919954,0.320248173278067,114.54190205976776,2927.781922178738,0
1,55,2026-01-01 09:00:00,563.1408367853593,0.3031866575407507,111.6763753394302,2955.595680283386,0
1,56,2026-01-01 09:10:00,562.6915020076427,0.2750463770203247,117.9384013408697,2934.621456526355,0
1,57,2026-01-01 09:20:00,,0.2966075966747913,116.73345308734314,2941.919544043937,0
1,58,2026-01-01 09:30:00,561.7252656843954,0.32540877852692973,114.59877253471187,2951.2881948216686,0
1,59,2026-01-01 09:40:00,567.1728945449842,0.2629879142919305,115.18479922508718,2960.378784842652,0
1,60,2026-01-01 09:50:00,565.8068112248101,0.2750728325028361,110.35440094042427,2933.5986758300846,0
1,61,2026-01-01 10:00:00,562.0522562268072,,113.63430581454433,2911.2065531445123,0
1,62,2026-01-01 10:10:00,565.1869534057994,0.27166226329307525,117.18822829830285,2947.9013327928274,0
1,63,2026-01-01 10:20:00,568.5818740266817,0.37394726167876896,116.39403397997951,2983.962966016172,0
1,64,2026-01-01 10:30:00,568.2983886016325,0.299164837516343,115.00394255059196,2940.3827210695886,0
1,65,2026-01-01 10:40:00,570.6465237531255,0.30493973626666676,114.22470712913896,2943.245167988342,0
1,66,2026-01-01 10:50:00,567.4233835349855,0.33556254784612494,115.75855671574625,2968.389912841577,0
1,67,2026-01-01 11:00:00,576.7743473244159,0.2636403909400268,113.51457785319617,2949.6275999489103,0
1,68,2026-01-01 11:10:00,564.1449049328642,0.3713017301656955,110.65956388385307,2943.142418317175,0
1,69,2026-01-01 11:20:00,565.958780962551,,113.8881542068401,2945.63727484158,0
1,70,2026-01-01 11:30:00,567.2207226547029,,114.61839335030375,2941.8752059499307,0
1,71,2026-01-01 11:40:00,563.3956823258832,0.4160876159678332,115.96911227567338,2920.141252638423,0
1,72,2026-01-01 11:50:00,571.0280273382061,0.302634735825673,110.7529675950301,2916.231913793226,0
1,73,2026-01-01 12:00:00,570.8597687425959,0.43521043100045576,113.30113871286393,2963.772034941532,0
1,74,2026-01-01 12:10:00,568.454791048435,0.3380652982372862,113.30795622640136,2937.3438856376933,0
1,75,2026-01-01 12:20:00,567.0431594787585,0.32201068296885516,111.16766193616213,2935.203089097259,0
1,76,2026-01-01 12:30:00,564.4098660118664,0.3697036744408391,114.25711450564769,2931.464264597168,0
1,77,2026-01-01 12:40:00,566.775871422746,0.46015082335454127,114.68810622896946,2943.6498006717056,0
1,78,2026-01-01 12:50:00,571.6233990446838,0.3906435164030279,112.52358775962853,2969.1300902829685,0
1,79,2026-01-01 13:00:00,569.0043997127657,0.36034750433674484,117.1267598028783,2938.0250358629705,0
1,80,2026-01-01 13:10:00,568.6088963803119,0.3521628028369894,112.2894567805128,2920.460465561083,0
1,81,2026-01-01 13:20:00,571.6424665415358,0.4061444555001407,111.94641206414353,2926.3967771868756,0
1,82,2026-01-01 13:30:00,573.8613002902879,0.3370187893583223,111.80003851953241,2943.578759162775,0
1,83,2026-01-01 13:40:00,571.4067097261909,0.3713569577443391,111.0319852788374,2917.8878252329487,0
1,84,2026-01-01 13:50:00,571.827516588142,0.49171415932670604,111.4565346488914,2938.5295536890453,0
1,85,2026-01-01 14:00:00,575.2481830857322,0.4896281500394758,109.61801010683882,2890.0508178433665,0
1,86,2026-01-01 14:10:00,571.9078753514777,0.43834661904973915,112.01472440742204,2920.5297069807903,0
1,87,2026-01-01 14:20:00,570.7019686148099,0.4317213838758643,112.42434027124196,2932.5160228541436,0
1,88,2026-01-01 14:30:00,573.8978295469959,0.45963256328985624,107.65538949505653,2941.2618279500166,0
1,89,2026-01-01 14:40:00,571.3571812751268,0.5582356794639493,111.92869766012316,2909.0488535951927,0
1,90,2026-01-01 14:50:00,571.2722134353365,0.4876177804619287,112.12846705851148,2897.900513685817,0
1,91,2026-01-01 15:00:00,576.4455102526839,0.5149906075514894,112.98497908635346,2915.646983576347,0
1,92,2026-01-01 15:10:00,571.9970701643186,0.47776446261864114,114.27667346006878,2901.792748032968,0
1,93,2026-01-01 15:20:00,565.1560188186355,0.4956396736922137,113.48171405406289,2915.554505247676,0
1,94,2026-01-01 15:30:00,574.4067195775227,,110.44988028973553,2916.806275528598,0
1,95,2026-01-01 15:40:00,572.4322351756458,0.5131677820021893,110.12938560023609,2896.234923769485,0
1,96,2026-01-01 15:50:00,572.9999927455074,0.4398080433157584,112.67282095779584,2927.2047081986243,0
1,97,2026-01-01 16:00:00,575.474831079048,0.5745832494652976,110.33085469196584,2911.895935245942,0
1,98,2026-01-01 16:10:00,573.8664581589247,0.5064941309270575,108.88090853633838,2929.5770637809364,0
1,99,2026-01-01 16:20:00,575.2580761587925,0.6233694053990904,115.99690227133158,2884.8126092408625,0
1,100,2026-01-01 16:30:00,568.7949336534515,0.5742872245984263,110.53877246524075,2896.3443273865705,0
1,101,2026-01-01 16:40:00,572.2813268121672,0.5576281277235418,109.8187748390428,2918.4682716739208,0
1,102,2026-01-01 16:50:00,579.5709922380773,0.5804176263690713,106.59916530188069,2897.8475955812673,0
1,103,2026-01-01 17:00:00,575.5520823930949,0.566639297546193,112.59783180906705,2906.482241372348,0
1,104,2026-01-01 17:10:00,570.8358397251895,0.5597359374272562,108.83075814266105,2908.076785105899,0
1,105,2026-01-01 17:20:00,572.8873768723837,0.5957905761582142,110.77547316333455,2909.5561601562895,0
1,106,2026-01-01 17:30:00,573.3758326220113,0.6312590246885045,112.5670805667525,2896.1348493504306,0
1,107,2026-01-01 17:40:00,576.9092529924004,0.5857303390063091,108.59689936864025,2907.653663092971,0
1,108,2026-01-01 17:50:00,575.5530008876377,0.5879535279637441,110.61200357766823,2892.792231161814,0
1,109,2026-01-01 18:00:00,575.1219006065027,0.6072343171880458,113.41221570436552,2913.7606158709805,0
1,110,2026-01-01 18:10:00,577.3598782116368,0.6682245175000904,105.3627489801957,2901.0397706469807,0
1,111,2026-01-01 18:20:00,579.0299473811735,0.6970156572230577,108.56683360990897,2904.204002392607,0
1,112,2026-01-01 18:30:00,577.0682179331867,0.6622431400374192,108.29036374623801,2939.543377733477,0
1,113,2026-01-01 18:40:00,576.3697950290934,0.6799434478131245,109.63723947863609,2883.503930418569,0
1,114,2026-01-01 18:50:00,577.0780467754445,0.6405105097098838,109.82707017895459,2920.055253372621,0
1,115,2026-01-01 19:00:00,579.6106231135543,0.7098557542041918,107.71172887775322,2858.4522710807237,0
1,116,2026-01-01 19:10:00,578.8176385556911,0.7060214354871297,108.43710966136513,2866.2829137121275,0
1,117,2026-01-01 19:20:00,581.3902883061745,0.6647925862706728,108.11100862263027,2877.9649844700457,0
1,118,2026-01-01 19:30:00,575.8876388421025,0.6310159522865638,108.86748228313492,2878.0276822556825,0
1,119,2026-01-01 19:40:00,577.2596270412453,0.6631044874254415,109.91710844848761,2897.8621568063368,0
1,120,2026-01-01 19:50:00,582.1536767113141,0.6946430199591652,111.21339343811232,2898.270285896229,0
1,121,2026-01-01 20:00:00,577.6773893981277,0.7774518219428004,111.41452939640774,2889.216355007564,0
1,122,2026-01-01 20:10:00,584.4835388695052,0.8027312830698359,110.52273813593033,2889.9065266311595,0
1,123,2026-01-01 20:20:00,584.7957264148721,0.7327581024774424,107.37912358423422,2899.187189646019,0
1,124,2026-01-01 20:30:00,585.0057065422437,0.74382349150253,109.03208219249446,2902.8850984958026,0
1,125,2026-01-01 20:40:00,578.435425610709,0.7804856786260663,113.6989350500787,2869.604677189293,0
1,126,2026-01-01 20:50:00,581.5566516965824,0.7804666301807002,110.89094383841326,2883.1904199618916,0
1,127,2026-01-01 21:00:00,,0.8272575092641552,107.89247154523638,2886.690959286139,0
1,128,2026-01-01 21:10:00,584.5926922449154,0.7792113609059463,111.84915923885573,2894.130568677688,0
1,129,2026-01-01 21:20:00,587.1916380654552,0.8483027055617268,107.8205467032781,2874.376843694627,0
1,130,2026-01-01 21:30:00,584.9412102358564,0.8110454581935704,107.17148335621114,2883.7445552942713,0
1,131,2026-01-01 21:40:00,582.5964938107011,0.8651302652657661,111.21135337461956,2884.648649545532,0
1,132,2026-01-01 21:50:00,581.7210616675134,0.8305658477030189,105.71219313268338,2872.7478655751793,0
1,133,2026-01-01 22:00:00,585.0135585404288,0.8273992309065519,104.41553876211522,2871.506211977301,0
1,134,2026-01-01 22:10:00,579.6462965170459,0.9390106385016299,110.03726528871763,2883.028147990527,0
1,135,2026-01-01 22:20:00,585.1725440087484,0.9158012935518692,108.12168020577387,2878.7078062356063,0
1,136,2026-01-01 22:30:00,581.0680819023487,0.8122640462433629,108.2326315095605,2887.2861683161714,0
1,137,2026-01-01 22:40:00,585.9224181285482,0.8769079124327717,107.16665708357698,2863.0961468146347,0
1,138,2026-01-01 22:50:00,583.8265801346042,0.9538881350879254,107.32411823760758,2872.7508268055753,0
1,139,2026-01-01 23:00:00,583.3932178527939,0.8688165274174731,106.7964873766577,2873.6888310499007,0
1,140,2026-01-01 23:10:00,582.1500927127677,0.9585811699929876,106.3723235317564,2888.451052544506,0
1,141,2026-01-01 23:20:00,583.9850135414799,0.9655867342337215,106.77209115747243,2861.252909403581,0
1,142,2026-01-01 23:30:00,586.9722327989168,0.9221684429109378,106.6206113345193,2877.994918198873,0
1,143,2026-01-01 23:40:00,588.6840680206012,0.9610908027812839,105.70194848006197,2877.3824928340628,0
1,144,2026-01-01 23:50:00,587.3804494563798,0.8892313159392246,106.18037983338051,2897.4031409606414,0
1,145,2026-01-02 00:00:00,590.1413833301574,1.0551171904572416,102.17680139866452,2856.7168639552956,0
1,146,2026-01-02 00:10:00,593.9158306902444,0.9834834959936507,108.46320705504404,2861.0807267475743,0
1,147,2026-01-02 00:20:00,585.5734884524802,1.0396263476403498,107.78603139984475,2855.9949133854348,0
1,148,2026-01-02 00:30:00,586.1779799592107,1.0437334711249064,106.74730940683153,2844.1245831372057,0
1,149,2026-01-02 00:40:00,582.7240745519763,1.085280403527296,107.30337805128744,2894.75759683162,0
1,150,2026-01-02 00:50:00,590.8649994478989,1.025497752921419,107.28748629798997,2848.78079645289,0
1,151,2026-01-02 01:00:00,591.4396269068818,1.0629268781496626,105.20393010844886,2854.274755880752,1
1,152,2026-01-02 01:10:00,585.18861678047,1.0891617796610047,105.49837530716141,2885.3718567402548,1
1,153,2026-01-02 01:20:00,589.8915965696826,1.1138018803783203,107.53177134080771,2838.4547755113967,1
1,154,2026-01-02 01:30:00,591.93850520862,1.1372565580789535,106.80174730180998,2875.212676854228,1
1,155,2026-01-02 01:40:00,589.2147764107066,1.0842486457978961,110.38498352080109,2841.788060234238,1
1,156,2026-01-02 01:50:00,591.3267346844702,1.0891157104238625,109.44916906225583,2880.7998685617563,1
1,157,2026-01-02 02:00:00,589.557648207245,1.182509518597914,107.98757124210266,2828.667304307647,1
1,158,2026-01-02 02:10:00,585.6312032787234,1.0591216449978667,104.50967933981508,2834.0294504689473,1
1,159,2026-01-02 02:20:00,592.6784289172941,1.2159849547240418,104.81563737467631,2851.273680287771,1
1,160,2026-01-02 02:30:00,593.7543225094045,1.153749037581683,103.85226014390275,2873.140876264193,1
1,161,2026-01-02 02:40:00,592.2311275040324,1.1783972005243415,106.32747050067839,2857.2151842515013,1
1,162,2026-01-02 02:50:00,587.4127513080384,1.1641030787151827,100.19764832213032,2851.7598540171984,1
1,163,2026-01-02 03:00:00,588.2713236044613,1.2023653950714095,104.67392166710849,2876.1022653219156,1
1,164,2026-01-02 03:10:00,587.3821965036218,1.2681145379217496,104.8893296322956,2887.356217385888,1
1,165,2026-01-02 03:20:00,593.3320315273062,1.2611586899875626,102.365783574544,2864.2275056750464,1
1,166,2026-01-02 03:30:00,595.0758867992558,1.2631661449843228,106.921439479986,2843.916850961768,1
1,167,2026-01-02 03:40:00,592.792795748744,1.2602274882376996,102.95928560359371,2846.1035450975955,1
1,168,2026-01-02 03:50:00,594.589562555991,1.2121414141104874,105.68465660212475,2832.1650020108223,1
1,169,2026-01-02 04:00:00,589.4136513156972,1.2495729441424195,110.62832832764109,2852.1199961404404,1
1,170,2026-01-02 04:10:00,592.7027789274507,1.2830623415484586,101.75036447069729,2825.279862116432,1
1,171,2026-01-02 04:20:00,588.4041989845472,1.3286287821782525,104.58687509053838,2857.1177338351677,1
1,172,2026-01-02 04:30:00,590.4470886907468,1.326718526226065,103.98065983522672,2878.0394117895717,1
1,173,2026-01-02 04:40:00,595.6470703683295,1.376962650200677,103.50324496264922,2857.8356969013157,1
1,174,2026-01-02 04:50:00,592.5408849837058,1.3703369944132873,106.13928671965745,2839.1506295009435,1
1,175,2026-01-02 05:00:00,597.1364332048777,1.3674147056363914,106.74304494998837,2853.207928592792,1
1,176,2026-01-02 05:10:00,595.370786088424,1.470199280693018,105.98526524887892,2868.7278911802505,1
1,177,2026-01-02 05:20:00,602.2087913390637,1.4094254051206256,102.90691299531854,2867.0933311311273,1
1,178,2026-01-02 05:30:00,594.5354399368647,1.3899855212394105,109.13288952697059,2827.595565328207,1
1,179,2026-01-02 05:40:00,590.2835466293946,1.4958281238051565,100.6363092034267,2849.4224016448397,1
1,180,2026-01-02 05:50:00,594.6477922471852,1.483691502380967,102.02313965198667,2838.5124555494995,1
1,181,2026-01-02 06:00:00,592.1109531218016,1.5226435116097525,104.33945856878074,2852.098898718705,1
2,1,2026-01-01 00:00:00,548.9475053870829,0.08131487203116898,117.81032311116059,2991.137033633081,0
2,2,2026-01-01 00:10:00,554.7720232439815,0.16196482528647946,119.98153453852385,2987.015307847459,0
2,3,2026-01-01 00:20:00,551.7256412199663,0.1486052354908682,120.44143700016781,2963.749765552254,0
2,4,2026-01-01 00:30:00,550.4592859363704,0.14566595267691276,120.50005872863441,2980.954158380325,0
2,5,2026-01-01 00:40:00,550.3430818374002,0.10354955882163416,118.4755387036081,2969.7006279995903,0
2,6,2026-01-01 00:50:00,554.8444959683044,0.11347733116283713,117.77459205543832,3014.4840858640837,0
2,7,2026-01-01 01:00:00,552.1168010103263,0.21605631310090376,118.35962232359107,2997.758366821294,0
2,8,2026-01-01 01:10:00,552.9258854695904,0.20030968717946424,120.47746534805857,2992.3190602021778,0
2,9,2026-01-01 01:20:00,553.4555848033312,0.18183935905332885,119.06072474776883,2982.7218851047114,0
2,10,2026-01-01 01:30:00,552.4350076506907,0.19025562230461576,120.86843571645255,2993.206869943994,0
2,11,2026-01-01 01:40:00,553.7994356835748,0.18706119656459896,120.15762734829241,2979.316500930193,0
2,12,2026-01-01 01:50:00,552.0884686459842,0.14089859686388834,114.5773963232578,2993.922495543879,0
2,13,2026-01-01 02:00:00,552.4976329280497,0.15640241196876783,119.55381912308619,2994.274245037938,0
2,14,2026-01-01 02:10:00,549.4933339489515,0.09631659327867903,123.48733487499906,2976.943497858314,0
2,15,2026-01-01 02:20:00,553.9475793952892,0.15240099579541255,121.56456525139794,2975.933342020877,0
2,16,2026-01-01 02:30:00,548.0992955318995,0.20415051727994382,119.68565528068996,3002.849279911687,0
2,17,2026-01-01 02:40:00,554.3122126733712,0.13126401776202226,116.65044650829088,2986.899408377938,0
2,18,2026-01-01 02:50:00,552.8233103225464,0.19954955023699664,119.65194001143682,2975.2530193528814,0
2,19,2026-01-01 03:00:00,554.9925336088959,0.16327215991772656,120.1039342688968,2980.68674936606,0
2,20,2026-01-01 03:10:00,550.9259131878002,0.10523191802692378,118.04454283743986,2970.3614506903514,0
2,21,2026-01-01 03:20:00,547.9179459954316,0.42863901568770335,119.11312212665865,2983.788626380569,0
2,22,2026-01-01 03:30:00,553.4270420881292,0.199654733899303,121.42656473579662,2996.546822805012,0
2,23,2026-01-01 03:40:00,551.5455199119807,0.18618134669487094,116.62029278947583,2982.933356275679,0
2,24,2026-01-01 03:50:00,549.5452077784228,0.16940194434085185,116.14584422899578,3018.078936044271,0
2,25,2026-01-01 04:00:00,557.3944475466403,0.15567434095150884,119.57544390085721,2988.2208460094225,0
2,26,2026-01-01 04:10:00,560.0978323284849,0.1764157986899185,119.03273233121969,2984.6257873058685,0
2,27,2026-01-01 04:20:00,553.1068832492374,0.20461562958152202,120.10292545960391,2966.8279567232958,0
2,28,2026-01-01 04:30:00,555.4740449843989,0.229901844820769,119.11243830254058,2976.1505050846904,0
2,29,2026-01-01 04:40:00,554.9816205255262,0.2333322495320559,116.76494236233938,2967.3193172413726,0
2,30,2026-01-01 04:50:00,554.1319020191393,0.1888336795011943,118.69243960157334,2945.7958645603635,0
2,31,2026-01-01 05:00:00,558.3034288362343,0.16870165173596482,115.47140302200494,2992.170494417905,0
2,32,2026-01-01 05:10:00,559.5462614853583,0.18310570950625968,117.18262049508604,2969.160820852267,0
2,33,2026-01-01 05:20:00,554.1136354457778,0.19987070728993703,118.61645819043959,2964.7025961700683,0
2,34,2026-01-01 05:30:00,557.0573775243616,0.20149190852303442,116.81743310501375,2978.5431658939924,0
2,35,2026-01-01 05:40:00,560.9802959343809,0.23492526798760047,122.40216771287594,2982.348126767486,0
2,36,2026-01-01 05:50:00,559.3974253517264,0.26912583707469656,113.6092966607237,2969.125029090116,0
2,37,2026-01-01 06:00:00,560.0470289667852,0.1782284626727695,116.22628625432816,2973.1736446691225,0
2,38,2026-01-01 06:10:00,561.8415124834132,0.27467031783288265,115.37330911054072,2983.681498892521,0
2,39,2026-01-01 06:20:00,562.0057119877081,0.2373739989360797,115.77577297331938,2966.361801963204,0
2,40,2026-01-01 06:30:00,561.2307242709996,0.18855425100744394,115.81807595122828,2975.5757301083504,0
2,41,2026-01-01 06:40:00,558.7832285339363,0.2546857396818324,114.3788328344268,2945.4280728056106,0
2,42,2026-01-01 06:50:00,557.4045871467207,0.2643782876596412,118.4646803152448,2950.972975204579,0
2,43,2026-01-01 07:00:00,559.0660894045368,0.18080298127403477,115.79268723328009,2977.9518749517492,0
2,44,2026-01-01 07:10:00,557.3560559600295,0.27081908654339715,117.14162630918635,2948.7414167925813,0
2,45,2026-01-01 07:20:00,553.3054353085697,0.24690270065086095,115.8724299241433,2970.9328776863376,0
2,46,2026-01-01 07:30:00,558.528018639704,0.30106389825730984,115.28792243334613,2964.491850846229,0
2,47,2026-01-01 07:40:00,560.6427144781179,0.19183536915015048,119.941843540047,2960.5058417409296,0
2,48,2026-01-01 07:50:00,558.01194740281,0.19718845593594744,118.37075124224687,2952.8219272437645,0
2,49,2026-01-01 08:00:00,559.399036203895,0.13284088771417912,112.71608788787252,2978.1649871494087,0
2,50,2026-01-01 08:10:00,559.718885327213,0.23939021090842516,112.43181560106578,2989.749272295173,0
2,51,2026-01-01 08:20:00,564.455185707272,0.23424081945551797,118.39290997896528,2967.5798055159257,0
2,52,2026-01-01 08:30:00,559.5099234720429,0.1994525714776737,115.19558733454954,2967.190301911563,0
2,53,2026-01-01 08:40:00,564.8617553501703,0.2214930721511777,112.86473125973336,2951.3939998281558,0
2,54,2026-01-01 08:50:00,552.8580036375782,0.17516627803856366,118.18196800263725,2942.9635188981997,0
2,55,2026-01-01 09:00:00,565.2426623666115,0.2784541675569725,116.3563476477095,2959.5849119030204,0
2,56,2026-01-01 09:10:00,565.2949332767146,0.21388287542397805,116.4488435271307,2944.8507688552895,0
2,57,2026-01-01 09:20:00,564.3130988617966,0.36024053395462247,117.49238171143263,2932.1438797494707,0
2,58,2026-01-01 09:30:00,555.77420074152,0.2325154741892856,113.18095066081078,2970.0607369592394,0
2,59,2026-01-01 09:40:00,565.070235646301,0.21226895942700558,112.46550514456199,2970.0675696970807,0
2,60,2026-01-01 09:50:00,562.0668370431099,0.22932860913402311,118.81801718709147,2943.6785043785544,0
2,61,2026-01-01 10:00:00,554.8328021598641,0.19256334959939578,112.70937688575523,2959.496568891587,0
2,62,2026-01-01 10:10:00,566.5189675126443,0.2716065530303003,113.06683662304344,2970.142406188822,0
2,63,2026-01-01 10:20:00,567.1605735342895,0.238846812115303,113.39404326805779,2957.4645405774213,0
2,64,2026-01-01 10:30:00,557.3181379925493,0.3042732683899314,119.52640768448512,2935.76783867956,0
2,65,2026-01-01 10:40:00,563.7615573435475,0.25146684759786764,116.28088424788187,2949.447775272032,0
2,66,2026-01-01 10:50:00,567.6046873914818,0.32132125646636117,117.15253540588434,2972.1193358707656,0
2,67,2026-01-01 11:00:00,567.333017877023,0.2997818605289765,115.54165635812579,2955.19861232376,0
2,68,2026-01-01 11:10:00,566.3543369996324,0.27422079414565687,113.87314865452062,2958.856212316973,0
2,69,2026-01-01 11:20:00,556.1080151159636,0.33993275305485265,116.26710745339817,2955.169687159315,0
2,70,2026-01-01 11:30:00,566.4420219650658,0.3185149484494735,111.81889475523897,2936.488596598652,0
2,71,2026-01-01 11:40:00,563.8027018795389,0.40202471748494795,112.66916160259434,2939.2846067786336,0
2,72,2026-01-01 11:50:00,567.6482060703183,0.2716042229929932,116.25328067526505,2952.956280523197,0
2,73,2026-01-01 12:00:00,565.6327377689666,0.2949065393474307,112.00042166504328,2959.4023979672747,0
2,74,2026-01-01 12:10:00,565.0082284723009,0.3585029518697691,114.26437099832785,2962.923913630284,0
2,75,2026-01-01 12:20:00,567.1942047608974,0.23797900921943554,114.28311105789551,2932.82977429454,0
2,76,2026-01-01 12:30:00,564.9593730089566,0.3564174284489192,113.44041354988677,2951.474183585769,0
2,77,2026-01-01 12:40:00,565.6059011919984,0.3253841944169208,110.52310241681813,2962.059055340943,0
2,78,2026-01-01 12:50:00,564.2166809437902,0.2764092860450859,113.09508339409321,2928.7231852103855,0
2,79,2026-01-01 13:00:00,561.269745877125,,112.63060623256037,2965.1066369012497,0
2,80,2026-01-01 13:10:00,567.9931531814948,0.29344910353419773,114.53102452295549,2966.665560373964,0
2,81,2026-01-01 13:20:00,564.0751217106715,0.23324123360950572,114.35672768373378,2980.7337611576736,0
2,82,2026-01-01 13:30:00,566.0944569810633,0.3093910067612565,114.81927133616334,2944.097485775346,0
2,83,2026-01-01 13:40:00,567.7613743640495,,112.63897768029554,2943.45587240638,0
2,84,2026-01-01 13:50:00,560.8484194674937,0.31875739677274534,114.96410793713088,2951.590436198751,0
2,85,2026-01-01 14:00:00,561.7236455966618,0.39784020036504464,110.73414038060648,2950.4285785572797,0
2,86,2026-01-01 14:10:00,566.612096487367,0.4132571002761662,110.12994619080388,2954.63305947602,0
2,87,2026-01-01 14:20:00,569.0786225735958,0.4024897132949165,109.0302120177301,2948.7740723676097,0
2,88,2026-01-01 14:30:00,570.1506668481466,0.3653475421864596,112.6303647968741,2934.698664124611,0
2,89,2026-01-01 14:40:00,563.3482284580735,0.26784594062569433,112.04996463729573,2953.8955676743312,0
2,90,2026-01-01 14:50:00,570.235686308442,0.33744965155638545,115.06279411963679,2918.7728167138853,0
2,91,2026-01-01 15:00:00,567.7942029097568,0.3647336838425193,112.11443953178461,2934.205432109704,0
2,92,2026-01-01 15:10:00,566.0835599389187,0.3395314265723761,113.88611921172563,2956.849699399118,0
2,93,2026-01-01 15:20:00,566.9909960155322,0.374630055135448,114.893561478958,2913.915985786114,0
2,94,2026-01-01 15:30:00,571.5458434893332,0.44959034846825685,111.82193198444837,2921.7835665025086,0
2,95,2026-01-01 15:40:00,570.1659087579716,0.3243871980687884,113.7182763659157,2941.2979288231727,0
2,96,2026-01-01 15:50:00,569.6984308804832,0.4677697849863102,115.0536288535665,2936.406417155103,0
2,97,2026-01-01 16:00:00,570.4816184381432,0.43582823706713114,110.50105001599972,2916.648374541265,0
2,98,2026-01-01 16:10:00,572.7390444610703,0.41635816394675856,112.95468205205489,2922.806863714704,0
2,99,2026-01-01 16:20:00,569.867072338514,0.38232837476797393,111.46851041912173,2910.6140609154486,0
2,100,2026-01-01 16:30:00,570.524947609589,0.38121180252316966,110.41120123048883,2942.3090849475593,0
2,101,2026-01-01 16:40:00,573.9801230801419,0.3564711210677679,109.6148793244494,2923.0396076892407,0
2,102,2026-01-01 16:50:00,569.7744708964412,0.4955936961356524,110.23408747102721,2953.0361848152556,0
2,103,2026-01-01 17:00:00,572.8272724645751,0.49388402056106656,112.66304443684339,2926.646367913994,0
2,104,2026-01-01 17:10:00,569.6653571462158,0.3816378882130701,109.24889932417062,2921.4097778018977,0
2,105,2026-01-01 17:20:00,570.1324884735022,0.4213471027217184,111.2967359970716,2919.229574033112,0
2,106,2026-01-01 17:30:00,571.2715611368409,0.46639419641207647,113.95218066890942,2919.5949210241497,0
2,107,2026-01-01 17:40:00,573.3331488757024,0.44275745720401405,113.15141559199624,2924.196253078591,0
2,108,2026-01-01 17:50:00,575.5734961138975,0.3837134835010003,111.1199802292368,2959.4960683998056,0
2,109,2026-01-01 18:00:00,572.484205926363,0.43992544837468495,115.48797811178532,2916.0030777991883,0
2,110,2026-01-01 18:10:00,567.8986793112782,0.5501068496956211,115.82227192284594,2915.7666890386568,0
2,111,2026-01-01 18:20:00,574.496148835353,0.454348687099419,112.01604576805683,2920.6219167350214,0
2,112,2026-01-01 18:30:00,580.1669563866905,0.47734472415235357,106.95431688316351,2935.268144744485,0
2,113,2026-01-01 18:40:00,573.3350562669577,0.4440651415267402,113.59190091891939,2896.875276832777,0
2,114,2026-01-01 18:50:00,568.0863667657192,0.5194248127304877,107.15865365477445,2924.292454402061,0
2,115,2026-01-01 19:00:00,573.9252482611728,0.5066156540743718,114.62650036623651,2904.4807038076465,0
2,116,2026-01-01 19:10:00,573.6108716927109,0.47847731520862846,113.76897975623574,2924.3171898817754,0
2,117,2026-01-01 19:20:00,573.5622028816775,0.46217364575939857,115.07783677298193,2907.887718511652,0
2,118,2026-01-01 19:30:00,576.8633790211984,0.5767965872361869,111.97754469139609,2880.008600650247,0
2,119,2026-01-01 19:40:00,578.3655935897765,0.46270134065743374,110.66184385025171,2919.389817886466,0
2,120,2026-01-01 19:50:00,576.4851463758747,0.5534371633572526,110.41201492718969,2918.539343500904,0
2,121,2026-01-01 20:00:00,574.2388347957605,0.45354405831906974,110.1472986624631,2903.711985418058,0
2,122,2026-01-01 20:10:00,578.2186653123849,0.5744556219651586,113.12955812182905,2902.0990502426516,0
2,123,2026-01-01 20:20:00,,0.591500270635465,112.51956560344615,2891.279635368029,0
2,124,2026-01-01 20:30:00,573.1007004160786,0.6030540580743269,111.26307570125756,2921.8227434669743,0
2,125,2026-01-01 20:40:00,573.6386053519776,0.5594419992928721,109.50586362848995,2922.7354991804414,0
2,126,2026-01-01 20:50:00,575.5632566534892,0.6359313446484196,116.13625331689919,2895.5925172653483,0
2,127,2026-01-01 21:00:00,577.3799324942478,0.6716169645791878,112.63017909217913,2899.9552817494514,0
2,128,2026-01-01 21:10:00,575.4612095712778,0.573227701654249,107.53760783466133,2906.380979924997,0
2,129,2026-01-01 21:20:00,573.548860942285,0.5748929901709009,109.62812145228865,2940.6693140571624,0
2,130,2026-01-01 21:30:00,579.3951390893825,0.6057940800331746,112.45178748893507,2914.0591791550105,0
2,131,2026-01-01 21:40:00,575.9678379781823,0.5876668159901567,108.91675926160704,2891.0071383155982,0
2,132,2026-01-01 21:50:00,577.1842148169118,0.5888194801553365,111.14653483167893,2908.991093782629,0
2,133,2026-01-01 22:00:00,578.7346512002287,0.5993582465191657,112.27263332465421,2883.0600341302475,0
2,134,2026-01-01 22:10:00,,0.6965647625454293,103.52178636862388,2913.7562799881093,0
2,135,2026-01-01 22:20:00,577.6185028670383,0.665969770086219,110.01016894431291,2927.3956543420813,0
2,136,2026-01-01 22:30:00,580.7837279536152,0.6230698472173687,110.0162644609764,2926.735336814721,0
2,137,2026-01-01 22:40:00,578.350036025521,0.5513691272649601,109.25730305243333,2911.8378821901238,0
2,138,2026-01-01 22:50:00,580.6879384686837,0.5951152184990205,110.61244004364775,2891.3393123995347,0
2,139,2026-01-01 23:00:00,579.9371697537697,0.6844038654600507,111.25169079870216,2879.8529894893923,0
2,140,2026-01-01 23:10:00,584.5574499628774,0.5868306023763877,110.14835528231438,2877.639458286115,0
2,141,2026-01-01 23:20:00,579.9386474934264,0.690891952969252,109.04420041552105,2855.825295393721,0
2,142,2026-01-01 23:30:00,580.8279469597736,0.6440822686790749,110.98469961314319,2907.6024065808656,0
2,143,2026-01-01 23:40:00,582.4226172008126,0.6979628884226733,109.74516564207812,2894.928055431928,0
2,144,2026-01-01 23:50:00,579.5121202481763,0.7044839832218512,109.1132598070932,2909.3848488316385,0
2,145,2026-01-02 00:00:00,577.6113275876397,0.7144456362164217,106.87770367276107,2916.4430967129106,0
2,146,2026-01-02 00:10:00,578.30607004396,0.7015907066332285,106.30455468286151,2895.797225692473,0
2,147,2026-01-02 00:20:00,578.5386059203252,0.708074931110905,106.69500647792027,2895.7640847791813,0
2,148,2026-01-02 00:30:00,577.2847537017446,0.70418674895987,109.84172599574359,2885.8858735655695,0
2,149,2026-01-02 00:40:00,581.2927820234428,0.7602793019523854,109.05451218804521,2886.935430574993,0
2,150,2026-01-02 00:50:00,578.6544367811921,0.7810897937625982,106.17970329679774,2902.329763619221,0
2,151,2026-01-02 01:00:00,581.3311647984472,0.7081348973418342,110.35970895475504,2888.0631075761944,0
2,152,2026-01-02 01:10:00,580.4742029132119,0.7628936047867761,111.74409413948035,2885.169636129929,0
2,153,2026-01-02 01:20:00,581.0289816739686,0.7809402060164327,107.72608968964425,2888.956016339126,0
2,154,2026-01-02 01:30:00,583.0256360068349,0.7885991818235695,105.36871501829492,2901.8017402712408,0
2,155,2026-01-02 01:40:00,579.9353885996851,0.7961437685475019,107.3600277731826,2877.392882062413,0
2,156,2026-01-02 01:50:00,583.6813790201633,0.7816694726380943,110.41480360653057,2886.060895766131,0
2,157,2026-01-02 02:00:00,586.6702493917721,0.8172431973219353,109.73054387996547,2890.0140091956355,0
2,158,2026-01-02 02:10:00,583.2012729502127,0.8391874779575775,106.71622060082773,2903.0141882822854,0
2,159,2026-01-02 02:20:00,580.0292785550424,0.8285453789292028,111.53103205833492,2881.2974261760633,0
2,160,2026-01-02 02:30:00,580.7341314863426,0.8516323232989854,111.11284972461297,2873.395545136826,0
2,161,2026-01-02 02:40:00,,0.8795529173837413,106.87787927616165,2876.1734998630636,0
2,162,2026-01-02 02:50:00,581.2017544481578,0.7744984516943038,106.78491320673974,2898.510793621928,0
2,163,2026-01-02 03:00:00,580.2165043200386,0.8949251387158712,107.01343914786545,2912.4905297052965,0
2,164,2026-01-02 03:10:00,583.8568869892562,0.8795874486445179,107.11203128180209,2861.5606011205014,0
2,165,2026-01-02 03:20:00,582.9336930726959,0.8301823118837967,109.95537465839082,2864.1134621992915,0
2,166,2026-01-02 03:30:00,584.3700676280498,0.9155563812070809,108.83255857344187,2877.287052724355,0
2,167,2026-01-02 03:40:00,587.5636871235237,0.8763881645575511,109.66365980114462,2880.759364065455,0
2,168,2026-01-02 03:50:00,,0.8907590321932519,109.18423435877159,2890.1755842073067,0
2,169,2026-01-02 04:00:00,580.8555046918414,0.889900421158121,111.1937600187404,2864.280063694507,0
2,170,2026-01-02 04:10:00,583.418707138624,0.9313267230002983,105.57353660468941,2860.976441373335,0
2,171,2026-01-02 04:20:00,587.1302801762367,0.8968930342675777,108.38062656303028,2878.270402319629,0
2,172,2026-01-02 04:30:00,587.0529352465401,0.97349576986653,103.1998687997478,2871.5991023190645,0
2,173,2026-01-02 04:40:00,586.782163286732,0.9410651398446592,104.84120197397823,2888.651946188292,0
2,174,2026-01-02 04:50:00,583.5557440839074,0.9412876366200247,107.25300816025701,2881.3375463691227,0
2,175,2026-01-02 05:00:00,587.889192016994,0.9952600896544657,108.16672996759053,2881.633857635313,0
2,176,2026-01-02 05:10:00,588.7678013065095,0.9617053526107767,107.05428706797706,2871.011965324709,0
2,177,2026-01-02 05:20:00,583.9544590922305,1.021810490634934,106.05113552436559,2907.1889074984324,0
2,178,2026-01-02 05:30:00,586.1196335987752,1.0325161641342468,106.33428641695963,2858.565001995551,0
2,179,2026-01-02 05:40:00,592.5091696919513,0.949442555015292,109.77960593474866,2879.5693873253263,0
2,180,2026-01-02 05:50:00,584.4319608810172,1.0567606130396754,106.20026143609492,2850.6379081124555,0
2,181,2026-01-02 06:00:00,581.7399436121783,0.9635174964606592,110.39441084589701,2852.8572608520076,0
2,182,2026-01-02 06:10:00,591.2075368328061,1.0785241207292795,108.41156355884698,2859.125110136165,0
2,183,2026-01-02 06:20:00,590.6722577540277,1.1225103856397018,107.66620591401592,2891.951162266465,0
2,184,2026-01-02 06:30:00,586.095161377684,,104.29153921103222,2870.7457467735526,0
2,185,2026-01-02 06:40:00,587.3307079123143,0.9746869706453376,108.47681116442821,2857.2061773881237,0
2,186,2026-01-02 06:50:00,584.1984980168539,1.113383725395084,105.54639549608672,2870.9559114051553,0
2,187,2026-01-02 07:00:00,,1.1706143894066712,104.07265894552707,2865.1426028367523,0
2,188,2026-01-02 07:10:00,591.7782841325395,1.0786293332421655,107.41482749765197,2856.5118021778453,0
2,189,2026-01-02 07:20:00,586.8563483706528,1.0993970681570158,103.54084996031489,2842.2179879776563,0
2,190,2026-01-02 07:30:00,591.3190887417887,1.0633335681205471,104.71986096714355,2884.021576181711,0
2,191,2026-01-02 07:40:00,590.2825742871034,1.133497283753053,106.15171387841964,2864.8667289442255,1
2,192,2026-01-02 07:50:00,590.8284732970778,1.1819754982679218,110.53639035954167,2893.601550715146,1
2,193,2026-01-02 08:00:00,587.8457149921776,1.1693654340213735,104.65331780968198,2874.376317520783,1
2,194,2026-01-02 08:10:00,588.4383898946384,1.2774353998793744,105.03831809262056,2867.8173071836327,1
2,195,2026-01-02 08:20:00,,1.1634318083622304,107.34704305001975,2852.2954644825104,1
2,196,2026-01-02 08:30:00,588.209494024913,1.1072910317659925,103.33336337437912,2841.6693640534586,1
2,197,2026-01-02 08:40:00,593.6035785460396,1.189817279107605,106.6231693231278,2854.109600843533,1
2,198,2026-01-02 08:50:00,587.5287454991411,1.0968340773819183,108.07701198627389,2839.7871947973194,1
2,199,2026-01-02 09:00:00,588.1794570293796,1.1827349327046477,104.97857041157327,2865.680457520916,1
2,200,2026-01-02 09:10:00,592.6445513715738,1.2796545477153152,107.57267055374395,2879.6934073749594,1
2,201,2026-01-02 09:20:00,592.135906685934,1.238358020951925,106.03086364732859,2850.565954017293,1
2,202,2026-01-02 09:30:00,593.2008114688459,1.2432559911185208,103.91420168325216,2867.923020694465,1
2,203,2026-01-02 09:40:00,587.845180008688,1.3196904112357688,104.90755804902146,2842.6932381548922,1
2,204,2026-01-02 09:50:00,599.2306353863626,1.246868312025773,104.47125455080874,2847.770689734582,1
2,205,2026-01-02 10:00:00,588.094821325462,1.3190514696980937,104.98309452509102,2839.359250638758,1
2,206,2026-01-02 10:10:00,592.4084432986683,1.284690511639073,105.39140864911839,2818.8627329807296,1
2,207,2026-01-02 10:20:00,591.6733547793625,1.3057129445857392,106.18997453057719,2849.5877463575557,1
2,208,2026-01-02 10:30:00,588.7930166243755,1.2528648991910851,105.95851296976251,2851.338540769849,1
2,209,2026-01-02 10:40:00,591.445932817533,1.2933745029739727,100.00535113801868,2864.6756977868545,1
2,210,2026-01-02 10:50:00,592.8301037981328,1.2679081607581106,104.60176371295368,2859.8953746950165,1
2,211,2026-01-02 11:00:00,591.013881269387,1.331204836210885,101.70513807363896,2859.37411249011,1
2,212,2026-01-02 11:10:00,595.9790916790843,1.3618897163278512,104.10012920547258,2831.905293757304,1
2,213,2026-01-02 11:20:00,592.8861634875944,1.3131843155621123,104.33160634474015,2852.68431479468,1
2,214,2026-01-02 11:30:00,589.5508366204293,1.4509184478310022,106.45908404648615,2868.806782785391,1
2,215,2026-01-02 11:40:00,589.4999039449785,1.391494216808395,104.37415820607129,2850.041909163351,1
2,216,2026-01-02 11:50:00,595.8003957243232,1.394153718552501,104.88042698691277,2871.0488136982376,1
2,217,2026-01-02 12:00:00,589.72520801389,1.4341533582305617,105.87570552149586,2873.1804192686077,1
2,218,2026-01-02 12:10:00,595.3384184906405,1.381788311953013,106.67269908977434,2838.1449216469828,1
2,219,2026-01-02 12:20:00,595.9267257379963,1.4331161553285294,103.89876853337668,2830.9938676246966,1
2,220,2026-01-02 12:30:00,591.8103139987256,1.4095872622849777,104.26075707340607,2829.3020494191683,1
2,221,2026-01-02 12:40:00,597.6722142513247,1.5123471964035593,104.0200466044845,2817.2579626984516,1
3,1,2026-01-01 00:00:00,551.0936271461496,0.1564192633745713,120.10713974332639,3015.077459879879,0
3,2,2026-01-01 00:10:00,548.1393636918198,0.1089930251416628,120.2542805376182,2983.625581818354,0
3,3,2026-01-01 00:20:00,549.3130324745413,0.2008533828866656,118.55416989334182,2992.13516776282,0
3,4,2026-01-01 00:30:00,554.2348108118008,0.11575312918622452,119.08715253355994,3000.945985549916,0
3,5,2026-01-01 00:40:00,551.3266533368765,0.18940348038795157,120.88066510655983,3026.426240416935,0
3,6,2026-01-01 00:50:00,546.8693765913638,0.16798805148317764,121.98671624275869,3042.4382520242907,0
3,7,2026-01-01 01:00:00,554.1392657510941,0.12537628464533682,119.22987937846256,3004.1885651852886,0
3,8,2026-01-01 01:10:00,549.5745151118041,0.2226129281635987,118.53821796152525,2991.638015631475,0
3,9,2026-01-01 01:20:00,557.3962091181263,0.10428014999843886,119.36947697034476,3001.701795253524,0
3,10,2026-01-01 01:30:00,555.2138284076703,0.18926693641192854,120.50065911189331,3006.297287528458,0
3,11,2026-01-01 01:40:00,550.8290869446028,0.19304922377742856,116.34036054317151,2987.470687371028,0
3,12,2026-01-01 01:50:00,556.211470137837,0.12677629967017517,114.56553283056763,3018.5071177071063,0
3,13,2026-01-01 02:00:00,,0.20992491240269626,117.98664559926245,2994.328254370327,0
3,14,2026-01-01 02:10:00,,0.14489964757239768,116.57611900782081,2997.6415849328623,0
3,15,2026-01-01 02:20:00,554.4147247676729,0.16717447647313333,117.93108802575802,2999.462547991343,0
3,16,2026-01-01 02:30:00,550.6188247718694,0.1668148433877217,118.58163234482119,2995.0957289837784,0
3,17,2026-01-01 02:40:00,551.4246136609423,0.15185487410233536,117.90052072581362,3000.6542829456407,0
3,18,2026-01-01 02:50:00,556.6425140316909,0.19053482400118352,121.64177717420466,2978.109623254428,0
3,19,2026-01-01 03:00:00,552.7456740036804,0.19076732659986628,119.3201561958713,2978.292140357476,0
3,20,2026-01-01 03:10:00,552.7364230313266,0.09006179894058663,119.19743994729184,2969.4625987861264,0
3,21,2026-01-01 03:20:00,551.2793691040573,0.21320200306692666,119.77073007756049,2991.85567635404,0
3,22,2026-01-01 03:30:00,555.6129024599383,0.0956040447014108,116.17847411531565,2996.245451061454,0
3,23,2026-01-01 03:40:00,560.7270484419399,0.20453091865689188,120.46418848712123,2990.7262421150854,0
3,24,2026-01-01 03:50:00,551.5342433625003,0.20947263760606732,118.16426090061329,3008.275281237055,0
3,25,2026-01-01 04:00:00,555.0068688963341,0.12199115196344501,119.58657526957015,2982.3722000684415,0
3,26,2026-01-01 04:10:00,559.3682406136147,0.15047263008230907,116.03172413041092,2991.7855107988,0
3,27,2026-01-01 04:20:00,555.0900231946839,0.12400242267884512,114.9977456258626,2964.6771184368577,0
3,28,2026-01-01 04:30:00,556.8834311782228,0.1610091914138738,119.67086703534831,2974.5443816558663,0
3,29,2026-01-01 04:40:00,552.5365036260857,0.15871009985448478,118.71773133289679,2990.0821891705045,0
3,30,2026-01-01 04:50:00,557.2059739232019,0.20369334649852983,116.09063373339023,2991.6839000821997,0
3,31,2026-01-01 05:00:00,555.556988257618,0.22644474442773294,116.08523524095938,2973.836109820125,0
3,32,2026-01-01 05:10:00,559.2729794607237,0.23143523177908978,120.00525553374182,2976.4698708712517,0
3,33,2026-01-01 05:20:00,560.0753160494311,0.15474665843825297,115.30538674058114,2954.073999062946,0
3,34,2026-01-01 05:30:00,564.4792172418453,0.170540020094848,120.89938099423122,2970.7849128650937,0
3,35,2026-01-01 05:40:00,558.6467942564828,0.11329689828838575,115.74261817982708,2988.794343944025,0
3,36,2026-01-01 05:50:00,558.0826521076411,0.15017516963932143,118.75046806174308,2983.364917346862,0
3,37,2026-01-01 06:00:00,557.8857844836795,0.22282959933436305,116.74627182043186,2981.5450735400163,0
3,38,2026-01-01 06:10:00,556.440501121568,0.25073442405304036,118.53970819549801,2974.079938641048,0
3,39,2026-01-01 06:20:00,558.7128199514377,0.13866274872591114,116.17492989050845,2972.737526326791,0
3,40,2026-01-01 06:30:00,557.0085326116882,0.16631374111433975,116.86739664399576,2962.0250074693017,0
3,41,2026-01-01 06:40:00,558.5974881919668,0.19098170447079652,117.2046453683353,2981.7104964784767,0
3,42,2026-01-01 06:50:00,562.2422662910344,0.20532001975998648,115.04825666738442,2976.8409099553146,0
3,43,2026-01-01 07:00:00,555.4672144094242,0.16385508665773557,118.46410483119112,2977.2048441234006,0
3,44,2026-01-01 07:10:00,562.103846209703,0.21537733866991476,115.88585356881121,2961.23228437753,0
3,45,2026-01-01 07:20:00,562.8329241493881,0.1816870078346149,116.38490543247785,2936.12090883351,0
3,46,2026-01-01 07:30:00,558.7247417874478,0.20233819109777126,114.78323107534437,2984.1765889219196,0
3,47,2026-01-01 07:40:00,552.9107510924479,0.2270933674578519,111.5770870683743,2959.834982019523,0
3,48,2026-01-01 07:50:00,557.650218249243,0.20787461932429346,116.24952342216808,2953.3741530130374,0
3,49,2026-01-01 08:00:00,563.5620362712623,0.19258803929429583,121.38663435199777,2976.0162187664296,0
3,50,2026-01-01 08:10:00,559.7998168657349,0.2081348445311785,118.06043664597149,2959.0320911029676,0
3,51,2026-01-01 08:20:00,557.0678827767995,0.2115104954822021,116.38253187211015,2980.109572076489,0
3,52,2026-01-01 08:30:00,558.7488331310523,0.20282036520668473,115.82509553456592,2972.763861173475,0
3,53,2026-01-01 08:40:00,562.9823863953031,0.20989477183619065,116.32563354001005,2973.060557391867,0
3,54,2026-01-01 08:50:00,562.2980954414462,0.2868683244933189,117.3047645461399,2941.6159274898864,0
3,55,2026-01-01 09:00:00,560.1384668603856,0.24808505431038577,113.77872524657529,2979.582668552726,0
3,56,2026-01-01 09:10:00,559.9521583435034,0.21660491778052637,118.29881882793424,2964.6205123544723,0
3,57,2026-01-01 09:20:00,560.0747255528686,0.25912817618042944,117.43076263088248,2954.460842911307,0
3,58,2026-01-01 09:30:00,558.680137867557,0.22077310529741734,117.36619601281937,2961.4490726241693,0
3,59,2026-01-01 09:40:00,566.4908639105137,0.2839767706681317,116.73660060042647,2931.9529627345955,0
3,60,2026-01-01 09:50:00,560.8751438555239,0.2548133885189487,115.8287069995985,2964.0245290143157,0
3,61,2026-01-01 10:00:00,565.690949246687,0.9793678030092637,117.06502071754768,2941.7524098334093,0
3,62,2026-01-01 10:10:00,566.8007902610304,0.2640382553642055,116.83275107450031,2936.2011737825223,0
3,63,2026-01-01 10:20:00,,0.186420494083465,114.87086594653901,2932.954085890942,0
3,64,2026-01-01 10:30:00,561.3367180092143,0.20736081863357395,114.36156838403076,2971.7780449230945,0
3,65,2026-01-01 10:40:00,564.0401376394309,0.20790050974711569,115.64230908175205,2944.947014006889,0
3,66,2026-01-01 10:50:00,562.9537289703009,0.2646512417960884,118.46646135562195,2976.690126175063,0
3,67,2026-01-01 11:00:00,560.512578628336,0.3315601413767567,112.82003146272729,2944.945434194566,0
3,68,2026-01-01 11:10:00,564.3941304767437,0.3548875860262217,112.29301964393372,2926.6703323904917,0
3,69,2026-01-01 11:20:00,560.0813016791521,0.2945836784066608,115.48741641931514,2934.8310807691914,0
3,70,2026-01-01 11:30:00,567.3788276390688,0.29257148290667334,115.18949470195766,2969.4143672825603,0
3,71,2026-01-01 11:40:00,562.6193060028417,0.20402147949200067,115.36422718838995,2947.8369659274413,0
3,72,2026-01-01 11:50:00,564.814005283408,0.2579329372073151,115.43527481686964,2941.2493747631675,0
3,73,2026-01-01 12:00:00,565.2577583514806,0.25175465484826265,114.43078847318652,2951.1722032123535,0
3,74,2026-01-01 12:10:00,563.8285482367825,0.2621082321118144,117.7867444210638,2955.5969164811095,0
3,75,2026-01-01 12:20:00,566.5627129833732,0.2839425298050849,111.53503414831012,2964.1294032911687,0
3,76,2026-01-01 12:30:00,563.5752890301325,0.2755608213365593,113.00967261710618,2968.3941551150606,0
3,77,2026-01-01 12:40:00,567.8112603134243,0.21909862931473148,114.38998170777208,2940.5683825938654,0
3,78,2026-01-01 12:50:00,561.356797801365,0.3320632246491335,111.23993816716535,2925.372442603506,0
3,79,2026-01-01 13:00:00,,0.2631633014388596,114.10443154201305,2938.3594260919226,0
3,80,2026-01-01 13:10:00,571.6062606813854,0.31961912048626806,117.70890524373674,2947.7638567215504,0
3,81,2026-01-01 13:20:00,562.9858481314463,0.3970387915545419,114.35756245027613,2928.701510843683,0
3,82,2026-01-01 13:30:00,564.1509756147412,0.2813763553331574,114.7070158465251,2928.098876627452,0
3,83,2026-01-01 13:40:00,567.9233024963452,0.22106650770818315,111.65510906614607,2946.9112041881604,0
3,84,2026-01-01 13:50:00,567.1176927142399,0.3150141247536044,112.87254034181578,2940.3228463053906,0
3,85,2026-01-01 14:00:00,567.8282060872943,0.3747189794288748,113.28469495865038,2940.8428321241563,0
3,86,2026-01-01 14:10:00,568.4412456009693,0.4132908079872294,113.32948208718929,2928.2716927865167,0
3,87,2026-01-01 14:20:00,569.0752170372642,0.29010125721913327,116.4580244321128,2935.491357707966,0
3,88,2026-01-01 14:30:00,570.6975205785002,0.36352755649486557,114.93994352495902,2924.3821168710633,0
3,89,2026-01-01 14:40:00,568.7952454444697,0.329473531251728,111.53147005103821,2950.8968358159946,0
3,90,2026-01-01 14:50:00,567.0393849308813,0.34832439269764065,114.1772200831798,2952.370845284014,0
3,91,2026-01-01 15:00:00,569.9782474193977,0.462862453486714,114.61047858471287,2908.4475329436214,0
3,92,2026-01-01 15:10:00,573.8575405415278,0.30154631459580356,115.82415772616534,2921.495933588342,0
3,93,2026-01-01 15:20:00,567.957361918747,0.37644113770632026,116.63476558366307,2912.288903278912,0
3,94,2026-01-01 15:30:00,565.6290436649355,0.389675717021433,111.37332038827408,2924.2847287031946,0
3,95,2026-01-01 15:40:00,572.071242007861,0.41912589744201834,111.71161831091266,2932.081763786478,0
3,96,2026-01-01 15:50:00,568.5862249291918,0.3843902402662596,110.74800217690762,2910.8869006518903,0
3,97,2026-01-01 16:00:00,562.6267282040632,0.39761942077991785,112.7249427379264,2918.101927364524,0
3,98,2026-01-01 16:10:00,571.8843702946092,0.3745079569645627,114.05552376643654,2916.168709594216,0
3,99,2026-01-01 16:20:00,567.9334891263487,0.4058654931622697,115.02730061212557,2933.635325730458,0
3,100,2026-01-01 16:30:00,569.4652422583506,0.3863492557329506,112.83055409306583,2930.8647264590522,0
3,101,2026-01-01 16:40:00,570.9301515180229,0.4299663689768213,112.2725856552447,2918.2967437174852,0
3,102,2026-01-01 16:50:00,570.7030779867057,0.39539564195991667,113.14562124765537,2931.07336571367,0
3,103,2026-01-01 17:00:00,572.4573028198381,0.43039064856618287,111.10164402130135,2919.519096976805,0
3,104,2026-01-01 17:10:00,569.2198566777641,0.4193127130604802,116.88083182935446,2922.9427172047585,0
3,105,2026-01-01 17:20:00,572.2630016050546,0.4707518438259005,109.41625689313231,2951.4175708281623,0
3,106,2026-01-01 17:30:00,570.1424125988273,0.42893070842795944,112.93088466656339,2945.7209508645747,0
3,107,2026-01-01 17:40:00,573.3348524952941,0.3653917976090594,116.53844050863472,2905.4185621478405,0
3,108,2026-01-01 17:50:00,573.1618919257234,0.49216661072108037,112.43465232069894,2936.656512583977,0
3,109,2026-01-01 18:00:00,568.7068417886031,1.3027209399754933,111.97079912297946,2935.6797202471985,0
3,110,2026-01-01 18:10:00,574.9684726643146,0.4264424520249921,111.5658109087651,2905.5830682125707,0
3,111,2026-01-01 18:20:00,570.3000044014999,0.4342933543324432,111.84974295226466,2934.3869278142174,0
3,112,2026-01-01 18:30:00,574.5294365527382,0.518674045733604,114.88604782654605,2944.4724875481184,0
3,113,2026-01-01 18:40:00,573.4044935191514,0.38389628474956256,107.64645161593748,2903.8635822922984,0
3,114,2026-01-01 18:50:00,578.0145510303854,0.6005099413463997,115.06686740259265,2906.237457684786,0
3,115,2026-01-01 19:00:00,572.026970473937,0.5229690344432824,109.08191025650322,2934.5631676166877,0
3,116,2026-01-01 19:10:00,571.8467864537507,0.49543309611579733,111.32634446433818,2922.668920890455,0
3,117,2026-01-01 19:20:00,573.0338464454948,0.49013457238532093,110.9309848436132,2926.1668809706985,0
3,118,2026-01-01 19:30:00,572.3799343357077,0.5096293036529705,112.89640478515547,2922.301820702148,0
3,119,2026-01-01 19:40:00,575.8866678110893,0.5249788614318802,108.45287410325005,2922.3516668840975,0
3,120,2026-01-01 19:50:00,568.835278701006,0.5359194267621019,112.50329270058494,2895.8923917595444,0
3,121,2026-01-01 20:00:00,570.7205316899294,0.5383618363809812,115.55739117639827,2930.7974848975673,0
3,122,2026-01-01 20:10:00,570.8755386036835,0.5257977547971475,108.71224848204244,2931.929814798697,0
3,123,2026-01-01 20:20:00,577.1272385653944,0.5204478759300893,111.74783338785237,2910.243349365295,0
3,124,2026-01-01 20:30:00,579.6055243282722,0.5284673819810372,109.97428125844186,2912.330301893143,0
3,125,2026-01-01 20:40:00,574.3577049759665,0.5329488980872162,112.07984458782468,2889.31408921605,0
3,126,2026-01-01 20:50:00,574.3619558830616,0.5923729645395026,111.19619029167362,2919.2927687086885,0
3,127,2026-01-01 21:00:00,575.2759459630237,0.5770913763089014,109.804745480157,2919.4580546081684,0
3,128,2026-01-01 21:10:00,578.7487928025614,0.4421105241732934,111.99328842939127,2909.2425733415016,0
3,129,2026-01-01 21:20:00,572.6784669132178,0.5923890781526031,114.55606464062612,2926.338984608584,0
3,130,2026-01-01 21:30:00,576.3730016850465,0.5804194878010626,110.49538539900153,2903.7607713598622,0
3,131,2026-01-01 21:40:00,578.780856047242,0.5784086980647248,112.24653342815601,2916.539264327,0
3,132,2026-01-01 21:50:00,577.5559140887669,0.5701933338986053,108.15029618952082,2892.07345597225,0
3,133,2026-01-01 22:00:00,576.8187448497962,0.6373256199105518,108.75379391303065,2906.313384403553,0
3,134,2026-01-01 22:10:00,579.450506698754,0.6369392240743265,111.54130378383093,2903.349598412159,0
3,135,2026-01-01 22:20:00,568.5350399631075,0.5748501287441193,113.49454784654561,2908.642776725351,0
3,136,2026-01-01 22:30:00,578.8757312217507,0.6288244121990472,111.16736704844851,2899.0184995762716,0
3,137,2026-01-01 22:40:00,575.0772466348283,0.5805031519787671,109.7598488512344,2901.887560187732,0
3,138,2026-01-01 22:50:00,571.7449434146938,0.5710618108045646,110.31437228453092,2915.5486023084645,0
3,139,2026-01-01 23:00:00,578.9678183248908,0.6081049798375772,107.7447985671483,2895.904676792304,0
3,140,2026-01-01 23:10:00,581.7525545828573,0.6746465545308905,111.38446924920197,2877.655729453832,0
3,141,2026-01-01 23:20:00,577.416601824538,0.6853029796543788,111.86992928254156,2927.296390142029,0
3,142,2026-01-01 23:30:00,580.8849394310824,0.6747785722363325,109.13090705363209,2921.0726883733396,0
3,143,2026-01-01 23:40:00,583.0605189844923,0.6903861798888168,109.02482798518275,2880.2651823804335,0
3,144,2026-01-01 23:50:00,582.3657959923311,0.6892066882713019,110.42649330140935,2909.2929854997305,0
3,145,2026-01-02 00:00:00,583.5383146407457,0.6501275167389428,108.95112193142758,2890.7009924768176,0
3,146,2026-01-02 00:10:00,581.0421719468999,0.7003409214853263,109.62212073566063,2901.4961678790887,0
3,147,2026-01-02 00:20:00,579.2394588114416,0.7224076552473345,113.88365410464883,2901.2554671983603,0
3,148,2026-01-02 00:30:00,574.404628880098,0.7279401973599792,109.11998368622731,2892.624233872448,0
3,149,2026-01-02 00:40:00,578.6697072724522,0.7527523643449815,108.82717934508037,2883.682111507432,0
3,150,2026-01-02 00:50:00,577.0755233719462,,108.178600599256,2884.3787263205195,0
3,151,2026-01-02 01:00:00,586.3154597314408,0.7342583745928297,110.8918927149297,2880.2922089870794,0
3,152,2026-01-02 01:10:00,579.472342562703,0.7705837873104349,108.97088498689712,2880.856000209877,0
3,153,2026-01-02 01:20:00,580.566982841406,0.7343442742837772,107.96441181809399,2891.623904596628,0
3,154,2026-01-02 01:30:00,582.0491929702267,0.7078075008699433,111.83559052068638,2881.1934247247423,0
3,155,2026-01-02 01:40:00,580.7229126022753,0.7442871860159644,111.96201302657114,2901.4588511611278,0
3,156,2026-01-02 01:50:00,585.8746268055028,0.7287911518254706,107.85178444746995,2912.8350081195126,0
3,157,2026-01-02 02:00:00,579.1188940200598,0.7394075350521175,105.24937623762965,2881.123762782958,0
3,158,2026-01-02 02:10:00,581.7680328920276,0.7685113430451868,110.92730808142822,2892.7138745255747,0
3,159,2026-01-02 02:20:00,579.1541671902743,0.7505227322458741,107.47284561163788,2895.916329286123,0
3,160,2026-01-02 02:30:00,577.6188798347589,0.7778785225017268,110.35318102288693,2894.7993323094033,0
3,161,2026-01-02 02:40:00,579.9410085167577,0.7224798669999033,104.76154675054124,2888.1568728783905,0
3,162,2026-01-02 02:50:00,581.8625738193812,0.8148336873530894,110.41677362396705,2897.45602574908,0
3,163,2026-01-02 03:00:00,580.8831459580272,0.8144776588421283,106.13905965021037,2892.847769377929,0
3,164,2026-01-02 03:10:00,580.2911581130099,0.7899234107437298,109.9527563083085,2866.347344366845,0
3,165,2026-01-02 03:20:00,578.3468370826687,0.8572043142719223,108.44959876725181,2897.2478672816287,0
3,166,2026-01-02 03:30:00,582.5138411768507,0.8766148399772078,106.44299835418916,2896.8181344888258,0
3,167,2026-01-02 03:40:00,578.4463651936965,0.7831372022242561,107.46662912853242,2871.357725981181,0
3,168,2026-01-02 03:50:00,585.4380626279109,0.8253081833725868,109.58316322970288,2882.6743306896087,0
3,169,2026-01-02 04:00:00,583.6025824166982,0.8334790736293145,108.35213978342345,2891.653443664096,0
3,170,2026-01-02 04:10:00,579.1799770805526,,109.23900139954146,2877.5620470922745,0
3,171,2026-01-02 04:20:00,582.8223727688504,0.91442899367727,111.95288116903097,2896.0946707164903,0
3,172,2026-01-02 04:30:00,,0.8820745937227106,104.8013413379814,2914.7563330333255,0
3,173,2026-01-02 04:40:00,585.1022603733628,0.8878747002841716,111.09407427274427,2866.8067007385453,0
3,174,2026-01-02 04:50:00,588.3634566012273,,107.99818555925695,2857.179067794799,0
3,175,2026-01-02 05:00:00,578.9139562752733,0.9412773706389632,105.92173014896777,2881.7502613902134,0
3,176,2026-01-02 05:10:00,585.0819203427054,0.8750680144674801,104.98849555553957,2887.3146656470676,0
3,177,2026-01-02 05:20:00,584.4538121396159,0.9358633716926477,107.20070658686699,2872.326478076539,0
3,178,2026-01-02 05:30:00,587.1455991767199,0.9534388756100483,109.35207215367348,2896.886629248061,0
3,179,2026-01-02 05:40:00,585.9685372531341,1.0056978889243433,107.183498250473,2854.306877916432,0
3,180,2026-01-02 05:50:00,583.2704077942572,0.90789649151446,110.39073091312628,2884.07798987179,0
3,181,2026-01-02 06:00:00,,0.8484965990241692,104.39589423393197,2863.8945438289675,0
3,182,2026-01-02 06:10:00,583.5329750611685,0.9857088602142784,107.2038922797465,2898.0713703474953,0
3,183,2026-01-02 06:20:00,589.3464424684273,1.0595031342410437,104.65310784801588,2901.4666776659424,0
3,184,2026-01-02 06:30:00,586.3797244197,1.0462183650440162,107.81498306349555,2859.377344165706,0
3,185,2026-01-02 06:40:00,592.216729951996,1.014274726872604,108.79131863984372,2861.9320815578626,0
3,186,2026-01-02 06:50:00,586.5285438743456,0.9955007575608675,106.10584483369053,2882.3675025152234,0
3,187,2026-01-02 07:00:00,584.7826744361107,1.056778978965523,101.66876526920187,2862.964970077719,0
3,188,2026-01-02 07:10:00,582.5641199800563,0.9949301126150839,107.20491383745264,2867.389007169613,0
3,189,2026-01-02 07:20:00,581.8932125501796,1.0623541722700935,107.61031920873017,2867.7492473607676,0
3,190,2026-01-02 07:30:00,582.7475921709836,1.0729965841444429,107.47525617659007,2837.871569323702,0
3,191,2026-01-02 07:40:00,588.4987483740871,1.1047141057490166,109.06805561171448,2865.757346089288,0
3,192,2026-01-02 07:50:00,589.420911911795,1.1822700580661383,104.38420843017559,2854.917241283774,0
3,193,2026-01-02 08:00:00,583.3485331570615,1.0972082576468305,107.81657256177809,2857.1645611727754,0
3,194,2026-01-02 08:10:00,590.9745886264388,1.0708310517707151,108.77097993723665,2885.5141291748396,0
3,195,2026-01-02 08:20:00,587.0376589502129,1.099894617540021,102.75861430567117,2844.310291322653,0
3,196,2026-01-02 08:30:00,589.1245895622725,1.0399325624501725,106.88491768692568,2874.654218152097,0
3,197,2026-01-02 08:40:00,593.7182408321347,1.0927350974095618,105.1670789344759,2857.569942009935,0
3,198,2026-01-02 08:50:00,591.7694653160177,1.1140303645253373,105.94221781169145,2856.85622905151,1
3,199,2026-01-02 09:00:00,588.4707238457562,1.119366180918566,106.73044068637492,2872.206455633758,1
3,200,2026-01-02 09:10:00,586.8001075342805,1.1564019818927367,104.99045515247465,2864.749892225551,1
3,201,2026-01-02 09:20:00,583.2156064275911,1.1274390752808892,104.54332068378204,2867.5065633793456,1
3,202,2026-01-02 09:30:00,587.7109610949043,1.215255200223296,105.89286623848481,2872.7683839430806,1
3,203,2026-01-02 09:40:00,589.4323987572011,1.180550372470535,103.57989408718667,2852.5742339013727,1
3,204,2026-01-02 09:50:00,587.3016193132834,1.1903482087611035,103.51256026854543,2847.658554245542,1
3,205,2026-01-02 10:00:00,590.0667554145126,1.187832580068323,106.97278165363231,2839.863092978826,1
3,206,2026-01-02 10:10:00,590.8884503857184,1.2174341585947408,103.24627157880549,2843.057438541544,1
3,207,2026-01-02 10:20:00,590.1806952124706,1.2545586397279795,106.80630921234474,2898.9732584848944,1
3,208,2026-01-02 10:30:00,589.102623836477,1.1972476938030814,106.32869135763772,2872.70528143035,1
3,209,2026-01-02 10:40:00,591.7559640159002,1.2160364515481008,101.88171987575214,2833.0672178402133,1
3,210,2026-01-02 10:50:00,592.7731903697609,1.2406902940289888,103.90802859006554,2832.794709596215,1
3,211,2026-01-02 11:00:00,588.3735396097767,1.2095327376994216,107.5812012622351,2859.157815487181,1
3,212,2026-01-02 11:10:00,596.0749024023967,1.2411755150971358,103.1604759552645,2859.437042136108,1
3,213,2026-01-02 11:20:00,591.7437092873578,1.2655252647812054,104.1238230543286,2858.7595733192343,1
3,214,2026-01-02 11:30:00,592.2933909740976,1.3302279525778473,105.90657792685467,2846.0002245002033,1
3,215,2026-01-02 11:40:00,594.5588537960855,1.3164831395251124,106.47906172031958,2847.2409931175002,1
3,216,2026-01-02 11:50:00,593.331227341159,1.3245025992247845,104.3390274910689,2853.3392454939694,1
3,217,2026-01-02 12:00:00,595.6883572701607,1.3616232530512002,103.57690943517811,2849.007693340014,1
3,218,2026-01-02 12:10:00,593.8876882850791,1.3329708102122542,107.54649410936193,2813.728038268436,1
3,219,2026-01-02 12:20:00,591.3863720866051,1.3650126383184853,108.10937827496359,2842.868795015056,1
3,220,2026-01-02 12:30:00,594.5055632071973,1.3562435521664797,106.51911961033552,2832.8429385738145,1
3,221,2026-01-02 12:40:00,590.1872424306696,1.3820153096115653,104.66186435530548,2847.540451985382,1
3,222,2026-01-02 12:50:00,594.1414685910137,1.3591688780722682,102.80452118829709,2888.9894113548407,1
3,223,2026-01-02 13:00:00,593.9134679228035,1.2960549621761759,102.68998837986932,2849.020996911939,1
3,224,2026-01-02 13:10:00,593.5861757439718,1.399414921539633,105.32572996491749,2838.104072251274,1
3,225,2026-01-02 13:20:00,594.0222822025253,1.4729244683802856,105.04732275756685,2855.9322856875533,1
3,226,2026-01-02 13:30:00,588.9597160214017,1.464341629324505,106.94354806308584,2848.643827080068,1
3,227,2026-01-02 13:40:00,593.1564568557245,1.4772373983063922,105.37107562366877,2847.0031717427423,1
3,228,2026-01-02 13:50:00,595.2785347034234,1.4994452288722486,100.99383939648037,2849.102758898235,1
4,1,2026-01-01 00:00:00,543.2770442637712,0.15962113182741744,119.05728801521192,3013.359546744091,0
4,2,2026-01-01 00:10:00,547.2867718156756,0.16951667115112087,115.73408761580171,2996.2529308846106,0
4,3,2026-01-01 00:20:00,548.4247538709069,0.11951547281060897,120.00431566455873,3001.2332290348245,0
4,4,2026-01-01 00:30:00,555.4007875692969,0.13457180280771536,119.8287710126515,2990.977816163152,0
4,5,2026-01-01 00:40:00,542.9264915208869,0.14275454491067247,121.3320356203635,2953.046645350406,0
4,6,2026-01-01 00:50:00,550.2015051025229,0.15154528983929616,122.59587211142035,2995.14610487131,0
4,7,2026-01-01 01:00:00,553.5522478036312,0.14671383454065304,123.22266828219918,2998.562710042424,0
4,8,2026-01-01 01:10:00,553.1676758607749,0.1787937502870998,121.04013638393101,2968.928353199289,0
4,9,2026-01-01 01:20:00,556.5626337554434,0.08694902384635335,119.78304483574473,2999.749230554048,0
4,10,2026-01-01 01:30:00,552.9025092744994,0.0947561719114641,116.28511776720563,2987.1891992931937,0
4,11,2026-01-01 01:40:00,553.7841248640241,0.16228954438267634,119.45780531484023,2995.6066402181223,0
4,12,2026-01-01 01:50:00,547.387705311044,0.13130359626378751,119.39762227536174,2985.921439644287,0
4,13,2026-01-01 02:00:00,550.1803547157922,0.1917201373691187,118.48443991079546,3007.581521414478,0
4,14,2026-01-01 02:10:00,548.0389825438494,0.20415705139987686,120.0616342259328,2991.3504215560733,0
4,15,2026-01-01 02:20:00,555.3468565818068,0.1678046217083212,120.9534888413191,3002.1330210736282,0
4,16,2026-01-01 02:30:00,554.9170390972072,0.11674061255240895,116.98684805292113,3002.507451272409,0
4,17,2026-01-01 02:40:00,555.053517127657,0.20304337760133118,116.86966570020321,2968.5830081946956,0
4,18,2026-01-01 02:50:00,551.7105378843032,0.170130924384036,118.17302887967254,2973.430875981941,0
4,19,2026-01-01 03:00:00,551.6779248555985,0.10408771313961365,117.13513301643361,2990.430074219388,0
4,20,2026-01-01 03:10:00,555.4670504743086,0.10908985345766781,114.9970634877534,2977.3126396683588,0
4,21,2026-01-01 03:20:00,553.0724870029769,0.22724915150509917,116.20036291445086,2978.3563823321233,0
4,22,2026-01-01 03:30:00,552.2613669536646,0.22223251018058215,115.64288458764555,3000.373741149763,0
4,23,2026-01-01 03:40:00,554.0393480152582,0.0691922948965641,120.43840639238039,2975.5595580905597,0
4,24,2026-01-01 03:50:00,553.8242255047973,0.11733248489728118,121.3411378829863,2964.820898485949,0
4,25,2026-01-01 04:00:00,553.4482181728888,0.21911959385654617,115.65859545100221,2965.98762363138,0
4,26,2026-01-01 04:10:00,552.6130191303723,0.1746620770169431,118.85558788648927,3010.369756120041,0
4,27,2026-01-01 04:20:00,557.8783273695328,0.20546731169023522,119.4244522037782,2974.1009013426087,0
4,28,2026-01-01 04:30:00,561.4423418668182,0.17698194334141545,114.60686027614264,2955.450262166355,0
4,29,2026-01-01 04:40:00,556.899116430402,0.20778161889987673,117.82733423844401,2948.511884511111,0
4,30,2026-01-01 04:50:00,557.9253669270388,0.18405228047223648,122.48638716940273,2964.8239987469847,0
4,31,2026-01-01 05:00:00,559.1091335578051,0.16860678084083247,118.68762706604859,2970.3855015419226,0
4,32,2026-01-01 05:10:00,558.8416327554503,0.23082819001009683,116.75671074529193,2986.710723875985,0
4,33,2026-01-01 05:20:00,555.443133982791,0.199003100353825,116.04091727214423,2984.3980807227326,0
4,34,2026-01-01 05:30:00,563.3853450849207,0.2195340964587379,113.03034564776252,2970.657491855951,0
4,35,2026-01-01 05:40:00,556.1958103944501,0.20232925010052338,117.93019462406141,2963.0799443258857,0
4,36,2026-01-01 05:50:00,560.6539425133361,0.17924499585009904,120.79885938096025,2974.1262858658415,0
4,37,2026-01-01 06:00:00,560.5421868252546,0.26577793573327946,115.19011679227943,2941.940851868707,0
4,38,2026-01-01 06:10:00,553.318223760693,0.21845933835310002,112.8600134366648,2997.0280413659275,0
4,39,2026-01-01 06:20:00,558.358944620229,0.1929520604686103,115.31671292761612,2976.263196841075,0
4,40,2026-01-01 06:30:00,559.8473047102751,0.26125573633384935,118.32233927690265,2978.5962511453863,0
4,41,2026-01-01 06:40:00,560.3188084729825,0.16033331104044812,115.61611826992572,2948.6188820675497,0
4,42,2026-01-01 06:50:00,561.0655518691309,0.305736465698853,114.74616058836737,2983.1106973613846,0
4,43,2026-01-01 07:00:00,562.6762144252715,0.21231314022878484,116.33938509893292,2956.110495272778,0
4,44,2026-01-01 07:10:00,560.6226151975102,0.1720277263051968,116.67445525777657,2947.86216579213,0
4,45,2026-01-01 07:20:00,561.9509494782474,0.3023302658009457,113.35225197652112,2960.702737021552,0
4,46,2026-01-01 07:30:00,560.9941684977474,0.21098537779874402,115.60844335881453,2959.4917812370563,0
4,47,2026-01-01 07:40:00,558.3189667716712,0.24273648877179474,114.96245401946715,2943.391836385438,0
4,48,2026-01-01 07:50:00,561.7101075499155,,114.58915904343932,2945.2856171162343,0
4,49,2026-01-01 08:00:00,564.1021082424367,0.2875883139865076,113.75087289777625,2943.250985735671,0
4,50,2026-01-01 08:10:00,565.4231393409746,0.25593247867558244,117.5814404407724,2942.533521293976,0
4,51,2026-01-01 08:20:00,563.950656650052,0.22184411623703781,114.3241293682104,2950.3075636515705,0
4,52,2026-01-01 08:30:00,566.5836961391383,0.2603668231440199,111.53699114880354,2934.4340401617146,0
4,53,2026-01-01 08:40:00,564.0791748873883,0.2387800432347136,115.96945585900463,2944.037984689329,0
4,54,2026-01-01 08:50:00,565.6561555940389,0.26953382813678695,116.80523765502379,2969.2254053225383,0
4,55,2026-01-01 09:00:00,566.1186250607425,0.32879519214360536,113.67678507386931,2965.0378138245733,0
4,56,2026-01-01 09:10:00,562.878335474123,0.29807722040710916,114.06347031935681,2936.079768375856,0
4,57,2026-01-01 09:20:00,565.9683328783482,0.28035222589021863,113.79866675269164,2965.3408156948976,0
4,58,2026-01-01 09:30:00,561.2103233715934,0.30594731049236784,114.31744596531183,2920.6109378446795,0
4,59,2026-01-01 09:40:00,565.3236305760337,0.31320736528321214,117.13843154717534,2985.684476658139,0
4,60,2026-01-01 09:50:00,566.2472065122635,0.24216079030372753,114.61059133267464,2967.8917946562274,0
4,61,2026-01-01 10:00:00,567.911349878227,0.29149143128363775,116.43187526337742,2939.1309030383286,0
4,62,2026-01-01 10:10:00,567.4622779119439,0.396945550817745,112.72900340357316,2952.403065092693,0
4,63,2026-01-01 10:20:00,568.4342780338751,0.3476543586520551,113.81326432212835,2924.7926616912664,0
4,64,2026-01-01 10:30:00,565.1857299773627,0.2837763248875699,116.40265128760859,2945.852878408027,0
4,65,2026-01-01 10:40:00,564.6896269876028,0.2846328126094517,112.79739135368511,2941.331076017839,0
4,66,2026-01-01 10:50:00,565.143045661827,0.2882226339241726,116.34685356697835,2930.704355610727,0
4,67,2026-01-01 11:00:00,567.0085286107008,0.35333414845562044,112.97979095779466,2935.337229102962,0
4,68,2026-01-01 11:10:00,561.0253718562991,0.3880598280806297,113.50721260429177,2933.0005642069445,0
4,69,2026-01-01 11:20:00,570.6888192982805,0.3521888670029276,117.40484130373011,2923.669110500558,0
4,70,2026-01-01 11:30:00,567.0671039504546,0.3404118264031236,113.10685666932346,2926.9127375481094,0
4,71,2026-01-01 11:40:00,565.9324146078333,0.32165741848460705,114.18316472378083,2917.2970647928,0
4,72,2026-01-01 11:50:00,559.8302062068933,0.3579720121917073,115.0393244579467,2950.9244776124415,0
4,73,2026-01-01 12:00:00,,1.1983741173308922,114.1734474068709,2923.2226098784245,0
4,74,2026-01-01 12:10:00,567.3077962612243,0.27833883122751757,114.1445152999297,2918.0137729479534,0
4,75,2026-01-01 12:20:00,565.4540219983868,0.42684139388961756,113.43530760881072,2948.106441164982,0
4,76,2026-01-01 12:30:00,566.3679562388126,0.32680992583668916,110.85788717336521,2940.167961229068,0
4,77,2026-01-01 12:40:00,568.5491223247291,0.35979835726735604,114.07292274622102,2945.83095669945,0
4,78,2026-01-01 12:50:00,567.1062583631724,0.40487032299915715,111.82538566662186,2946.6444741694013,0
4,79,2026-01-01 13:00:00,,0.4418942257045856,114.75583551007517,2961.1048342067643,0
4,80,2026-01-01 13:10:00,567.1084879437454,0.40077545618114774,115.86240241779186,2928.842199198527,0
4,81,2026-01-01 13:20:00,570.0605994821108,0.3487916229285304,109.4211435416821,2908.458465460229,0
4,82,2026-01-01 13:30:00,573.3788457838529,0.3906111899947637,115.693852213994,2933.52793260283,0
4,83,2026-01-01 13:40:00,569.9708575736028,0.381725770525786,112.03809947002935,2918.567081194437,0
4,84,2026-01-01 13:50:00,571.3905120170406,0.4136120375692012,112.51229510401816,2913.379356234138,0
4,85,2026-01-01 14:00:00,571.442470291234,0.47077030265700576,110.86339713798597,2928.380598013366,0
4,86,2026-01-01 14:10:00,570.830442311755,0.3264209782984926,112.97908599576697,2939.007796371488,0
4,87,2026-01-01 14:20:00,570.8473656709436,0.41796168047215737,112.64975879861288,2912.6213676986363,0
4,88,2026-01-01 14:30:00,569.5761999162954,0.42163119294664675,114.58395317746742,2943.416896578793,0
4,89,2026-01-01 14:40:00,571.9852949361896,0.3973737825320736,110.86129946824487,2908.5966508300116,0
4,90,2026-01-01 14:50:00,570.9243910218687,0.47779007720055694,115.57966932000484,2918.9220968414083,0
4,91,2026-01-01 15:00:00,576.6543995369622,0.40457277689510496,113.50147118337047,2927.5150483342395,0
4,92,2026-01-01 15:10:00,574.6914942934587,0.41605255811476977,112.26795945892717,2915.0417269235027,0
4,93,2026-01-01 15:20:00,568.1416123123349,0.5090427685608245,111.63843127220902,2893.359964915922,0
4,94,2026-01-01 15:30:00,568.5504614892168,0.5420496786687854,111.30083960035594,2933.0508973230685,0
4,95,2026-01-01 15:40:00,572.5924913606239,0.4860849302729802,111.34526944043431,2908.927604787133,0
4,96,2026-01-01 15:50:00,572.0398900192937,0.4476100865619694,112.07873939774193,2928.592831579615,0
4,97,2026-01-01 16:00:00,572.9181601808182,0.4753360511513928,111.23791405710716,2897.5969777595315,0
4,98,2026-01-01 16:10:00,575.6631618013118,0.5512057294102088,110.2888335601033,2899.2973759997362,0
4,99,2026-01-01 16:20:00,574.8988205998579,0.5229457710417282,111.83278955741534,2927.7752108207496,0
4,100,2026-01-01 16:30:00,575.1104360784713,0.5217244334316025,109.72527322491483,2919.086116014786,0
4,101,2026-01-01 16:40:00,578.7740678674538,0.5458408691919935,111.95676175899274,2906.5394939096223,0
4,102,2026-01-01 16:50:00,570.5107446923195,0.5394405325399397,110.77967238065142,2917.583538488692,0
4,103,2026-01-01 17:00:00,575.2311713411564,0.610478624869717,112.53324676470025,2897.0872624292,0
4,104,2026-01-01 17:10:00,573.4241326787388,0.5264627582548966,113.03191186225118,2912.1915211709356,0
4,105,2026-01-01 17:20:00,579.7095331639697,0.529723633245426,112.94510305617335,2911.6057282056895,0
4,106,2026-01-01 17:30:00,569.0171064728526,0.5168725194691836,111.51793054221277,2903.21048022321,0
4,107,2026-01-01 17:40:00,569.3906520170545,0.5586149702328986,111.66536136626488,2895.4277036634503,0
4,108,2026-01-01 17:50:00,577.0429411471086,0.544614425342178,110.06417536711797,2908.1505028667702,0
4,109,2026-01-01 18:00:00,579.7498574199079,0.6051705865387325,111.97893529094519,2905.411841990271,0
4,110,2026-01-01 18:10:00,578.9326661897576,0.6055147358743298,112.11863712992559,2898.3890129022275,0
4,111,2026-01-01 18:20:00,574.4518963297243,0.5698182495082071,107.31695459617676,2889.0089119795466,0
4,112,2026-01-01 18:30:00,581.6160393595532,0.6449264253265485,111.12228578906398,2903.8430697185263,0
4,113,2026-01-01 18:40:00,573.6443034316368,0.6904881003020292,113.01582950789086,2895.845863452182,0
4,114,2026-01-01 18:50:00,581.5030977299203,0.6526590074119815,109.4809677978872,2886.4156195644136,0
4,115,2026-01-01 19:00:00,574.5248958940869,0.5452105871921291,108.95843292945267,2901.728215978576,0
4,116,2026-01-01 19:10:00,577.0090436120206,0.7351159475792612,109.18177845417144,2924.3396358442715,0
4,117,2026-01-01 19:20:00,580.2242602264739,0.6942629949543097,106.92573188530949,2893.8524237210713,0
4,118,2026-01-01 19:30:00,574.1497636040857,0.751473286954917,110.10143027448922,2920.9612717745445,0
4,119,2026-01-01 19:40:00,583.1973927732674,0.7257511541061853,109.82337174040956,2929.3493843231017,0
4,120,2026-01-01 19:50:00,577.9584265703122,0.7427236344447287,110.0714730205933,2882.472910012722,0
4,121,2026-01-01 20:00:00,579.6860219554219,0.7083696536605656,110.42335109189797,2896.0496416176084,0
4,122,2026-01-01 20:10:00,583.0027313993803,0.698798250852446,107.90938953972307,2926.6097422081048,0
4,123,2026-01-01 20:20:00,577.3786884806276,0.7334356054697443,109.96575323675377,2892.377348965961,0
4,124,2026-01-01 20:30:00,583.1824410587661,0.6994263745679161,110.21973065316479,2893.8855155198144,0
4,125,2026-01-01 20:40:00,585.1635361965481,0.7544895848280083,108.27052836632292,2867.4230361639466,0
4,126,2026-01-01 20:50:00,578.5171339757533,0.6414946267090933,110.00152631908459,2883.6379747210112,0
4,127,2026-01-01 21:00:00,584.8339694694018,0.7577902462197224,109.23668206997779,2899.0865184420772,0
4,128,2026-01-01 21:10:00,575.6860061527591,0.8194420338201568,107.72686777294119,2926.3317127625482,0
4,129,2026-01-01 21:20:00,582.3784786037386,0.7790845179750567,109.46880319941897,2886.092155562441,0
4,130,2026-01-01 21:30:00,577.7658173561144,0.8541438233378659,108.23578281436883,2863.2326481769824,0
4,131,2026-01-01 21:40:00,584.5212540327054,0.7843021904983117,110.1253133437277,2866.23309009539,0
4,132,2026-01-01 21:50:00,584.5168520162345,0.8448406879243,108.1668285301845,2885.9147676141515,0
4,133,2026-01-01 22:00:00,588.4095593416124,0.7795616470472845,105.97960862141612,2903.249499820246,0
4,134,2026-01-01 22:10:00,586.6832037875671,0.8632036665627679,109.00709225062519,2894.29148803883,0
4,135,2026-01-01 22:20:00,582.1639767297762,0.8441373030929005,108.84590326985642,2890.7748056945875,0
4,136,2026-01-01 22:30:00,579.6579833445551,0.836226745110215,106.13880104322187,2902.647918491936,0
4,137,2026-01-01 22:40:00,584.8422225293307,0.7523198917183851,109.71612599431147,2871.347101321624,0
4,138,2026-01-01 22:50:00,583.2049025430371,0.8554336698626792,109.52547393033547,2881.576743380009,0
4,139,2026-01-01 23:00:00,,0.8845555794369342,106.30305036773836,2872.624375723846,0
4,140,2026-01-01 23:10:00,577.3718252116881,0.9196497070422803,106.637736645192,2875.498056441337,0
4,141,2026-01-01 23:20:00,590.6770735036723,0.9594983457620897,107.58695251587643,2863.615637104472,0
4,142,2026-01-01 23:30:00,585.9508105325128,0.989095839214308,106.26724197448387,2872.6898212940846,0
4,143,2026-01-01 23:40:00,,0.968254555443037,108.97971910100615,2876.573513818147,0
4,144,2026-01-01 23:50:00,587.0406773596751,0.9067047324612975,107.91084712446087,2870.556959760141,0
4,145,2026-01-02 00:00:00,588.9729094251595,0.9278558188450045,105.33976742865364,2872.852894659094,0
4,146,2026-01-02 00:10:00,585.6656213190724,0.9805393914166115,105.79591838935518,2880.4842103020956,0
4,147,2026-01-02 00:20:00,580.2697549765977,0.9827772943148277,109.73027706401022,2892.12882363274,0
4,148,2026-01-02 00:30:00,584.9249105038618,1.0382116508395232,110.33994196013191,2892.3555100646995,0
4,149,2026-01-02 00:40:00,589.1665722559005,1.0834136389521194,108.26025365102976,2883.249283500202,0
4,150,2026-01-02 00:50:00,587.7803167833273,1.0861606729444073,106.67422368324776,2852.068019758909,0
4,151,2026-01-02 01:00:00,586.0627369720099,1.0665415492660693,106.13082686335889,2864.7013770981725,0
4,152,2026-01-02 01:10:00,590.6991410410614,1.03928583656241,108.02413001941771,2865.133036367268,0
4,153,2026-01-02 01:20:00,589.234046554755,1.0836035956499879,106.99055074593834,2858.529849312365,0
4,154,2026-01-02 01:30:00,589.707081983944,1.1076242494056512,103.53254527721425,2872.662149405874,0
4,155,2026-01-02 01:40:00,586.2680959240575,1.046885761887577,108.73040263173633,2842.7517392674445,0
4,156,2026-01-02 01:50:00,586.2197844386327,1.0431576609955915,109.27225169601606,2891.2099486558277,1
4,157,2026-01-02 02:00:00,582.8839918056929,1.04552873520814,107.96912872180037,2882.8745466319656,1
4,158,2026-01-02 02:10:00,587.4476311838011,1.0530068143851616,104.22537976128122,2871.2590554339026,1
4,159,2026-01-02 02:20:00,591.2739180968783,1.0446941725281143,105.04892774571462,2862.2941665028097,1
4,160,2026-01-02 02:30:00,588.0973975283081,1.1219569887023204,102.52111941706953,2880.798180823938,1
4,161,2026-01-02 02:40:00,590.2882294428128,1.0840328963967567,109.34263461719972,2871.84645039579,1
4,162,2026-01-02 02:50:00,592.5271464570567,1.104819362374439,105.3510390025142,2877.244728053594,1
4,163,2026-01-02 03:00:00,590.5539828463637,1.1764228666033971,110.64507326695548,2858.899165002662,1
4,164,2026-01-02 03:10:00,591.088963640121,1.1679245545798431,109.80293318009512,2885.764427470758,1
4,165,2026-01-02 03:20:00,585.845887452597,1.1902078904453262,103.99959878016534,2875.56783426438,1
4,166,2026-01-02 03:30:00,589.1935959702747,1.24006669738284,104.30389462872085,2864.8473455068074,1
4,167,2026-01-02 03:40:00,595.5831053259413,1.2325549505328677,106.56678928684478,2875.183679827973,1
4,168,2026-01-02 03:50:00,590.9565528336109,1.2713173779303226,102.03930288904165,2849.196441840232,1
4,169,2026-01-02 04:00:00,596.5773113201833,1.226424288141221,104.58584735664073,2837.111150523773,1
4,170,2026-01-02 04:10:00,588.9596853661477,1.3004353188773772,104.30002608360805,2858.5866985559273,1
4,171,2026-01-02 04:20:00,592.0728100983391,1.2631667858708644,108.99265446453859,2852.0468691192495,1
4,172,2026-01-02 04:30:00,590.4648679131509,1.26841433900896,105.52633684627773,2849.0772506185235,1
4,173,2026-01-02 04:40:00,593.6307927650511,1.3330910632816992,104.54874561481809,2869.4274762891655,1
4,174,2026-01-02 04:50:00,594.7818001977288,1.252782947525296,103.76928859914553,2852.829668843321,1
4,175,2026-01-02 05:00:00,,1.3817273502540173,106.73433575378937,2853.41590169443,1
4,176,2026-01-02 05:10:00,595.7062015925344,1.3026887128070184,103.86679340590263,2843.6963621563227,1
4,177,2026-01-02 05:20:00,592.7830616795943,1.2785129339996297,104.6736275996621,2860.958782573064,1
4,178,2026-01-02 05:30:00,592.4929310260412,1.3667170233938313,103.40992499806683,2857.4098571497266,1
4,179,2026-01-02 05:40:00,588.0318725910753,1.338898930553762,101.56707627360362,2859.1264005297585,1
4,180,2026-01-02 05:50:00,595.4637399022679,1.4485140734787394,102.52405877685274,2837.7023308230378,1
4,181,2026-01-02 06:00:00,594.3068748573656,1.3637309090915817,103.42616411215234,2863.8624021695223,1
4,182,2026-01-02 06:10:00,593.8285138518285,1.4072652037746658,103.81757636097812,2871.0223865715493,1
4,183,2026-01-02 06:20:00,593.7017413320241,1.3513789728959644,103.81921666428201,2855.2112211211606,1
4,184,2026-01-02 06:30:00,594.4054903482266,1.4547098869423898,103.99420360971516,2829.581105798862,1
4,185,2026-01-02 06:40:00,594.0493561216352,1.4049634789404386,103.10864624507434,2828.8271807902206,1
4,186,2026-01-02 06:50:00,593.4158984843101,1.477732987613304,106.69825269633681,2834.3693456661035,1
5,1,2026-01-01 00:00:00,,0.15452039387805255,118.24933088206133,3005.543737901402,0
5,2,2026-01-01 00:10:00,549.7592621028791,0.15192722334420197,122.05268689908613,2989.0693217881685,0
5,3,2026-01-01 00:20:00,550.3524977080419,0.1471387253044169,118.83879003936319,3026.474274691862,0
5,4,2026-01-01 00:30:00,541.240137000451,0.22075125511149152,121.07581721159684,2996.0547222943287,0
5,5,2026-01-01 00:40:00,553.0523725364204,0.20528126424776874,118.04897862194309,2992.6562325661994,0
5,6,2026-01-01 00:50:00,550.2613662908168,0.18072857357461858,124.86771654293554,3012.1293825103257,0
5,7,2026-01-01 01:00:00,547.3617892779451,0.14445749262957494,120.89104669793052,3001.032889561716,0
5,8,2026-01-01 01:10:00,554.3748334076873,0.1532405935954886,125.19703598171873,2991.6529528689084,0
5,9,2026-01-01 01:20:00,553.7171328975445,0.17332127706416242,121.01234680979495,2983.960452354962,0
5,10,2026-01-01 01:30:00,551.026967982604,0.1317265236278799,118.16278557197693,3047.7226699171288,0
5,11,2026-01-01 01:40:00,548.7533132900114,0.19066759356204954,120.8730473014641,2997.5696435767836,0
5,12,2026-01-01 01:50:00,552.9448064897524,0.11688106288922251,120.94401277924356,3007.6950150893376,0
5,13,2026-01-01 02:00:00,552.9809253966199,0.1700523348923452,119.8180768604241,2975.3701029107833,0
5,14,2026-01-01 02:10:00,555.5855028489754,0.06348950300829478,120.26078494406411,2981.330219203645,0
5,15,2026-01-01 02:20:00,551.6821863125614,0.13380473916550664,120.45202568738678,3020.9709026100686,0
5,16,2026-01-01 02:30:00,556.7990521188807,0.23973973837800222,116.86978083561138,3009.525392661763,0
5,17,2026-01-01 02:40:00,551.7944195614213,0.1989353032705744,116.65599747625438,2994.721474413142,0
5,18,2026-01-01 02:50:00,549.5785760749442,0.2198131895279932,117.12585171705685,2981.419293765902,0
5,19,2026-01-01 03:00:00,550.4201160192825,0.13266077047419206,118.89794193159815,2982.9180348492227,0
5,20,2026-01-01 03:10:00,553.8306225254503,0.1645144338801807,118.12508622848173,2975.5726246854438,0
5,21,2026-01-01 03:20:00,554.0222064728238,0.21270547137377216,116.5488588681541,2967.6472600479206,0
5,22,2026-01-01 03:30:00,555.4032262793952,0.18786365708209263,119.97919984961072,2998.1433770496296,0
5,23,2026-01-01 03:40:00,554.3494136209304,0.18404839083412866,118.92323249741582,2991.6538969133094,0
5,24,2026-01-01 03:50:00,557.7533841196215,0.2301467482009576,118.623572268456,2993.898325102277,0
5,25,2026-01-01 04:00:00,554.2390391331837,0.12457480201319798,117.69830710393784,2977.0893873234236,0
5,26,2026-01-01 04:10:00,549.2343854911,0.1601448279119758,117.38640093812599,2985.263156055569,0
5,27,2026-01-01 04:20:00,555.0608170774598,0.09872409343710337,116.38876624781062,2974.233629239674,0
5,28,2026-01-01 04:30:00,549.6046639367006,0.12650825792257595,119.86748058507467,2969.0903790584453,0
5,29,2026-01-01 04:40:00,556.640065800136,0.2147567173453221,116.52158566526506,3004.2916508278468,0
5,30,2026-01-01 04:50:00,559.1983647112404,0.13662395027068241,118.2759237905285,2980.3940380240397,0
5,31,2026-01-01 05:00:00,553.269005112581,0.20431932794561614,121.10973507825835,2985.468957931441,0
5,32,2026-01-01 05:10:00,560.684241487747,0.24287001392362118,117.04977022490701,2989.67916735072,0
5,33,2026-01-01 05:20:00,559.1579580198996,0.17109715731154695,119.56426142429552,2978.439184722067,0
5,34,2026-01-01 05:30:00,560.4497976091022,0.20074511157158434,118.70884660349992,2979.323776874663,0
5,35,2026-01-01 05:40:00,557.5999415693038,0.21147076643171678,118.12293512652211,2958.7006223456942,0
5,36,2026-01-01 05:50:00,554.2538473298874,0.13471800359978636,118.28926831238094,2960.8439888591656,0
5,37,2026-01-01 06:00:00,559.7754819977281,0.16081105478489688,117.167329718601,2959.3542072445016,0
5,38,2026-01-01 06:10:00,555.7601258511236,0.1472658602065973,117.35526622330117,2981.939019109451,0
5,39,2026-01-01 06:20:00,558.1884749468815,0.16793836194871964,116.11805781783426,2973.2062169351884,0
5,40,2026-01-01 06:30:00,557.5216613073035,0.22009850955589705,117.22577138512531,2957.988097972088,0
5,41,2026-01-01 06:40:00,561.6106947132478,0.16974482527761445,115.90097657986158,2979.415768338814,0
5,42,2026-01-01 06:50:00,560.62848101777,0.19429699592272734,119.0113101861532,2978.1518469143116,0
5,43,2026-01-01 07:00:00,558.3966954622058,0.15620690840948528,113.52957657121455,2958.8612244162236,0
5,44,2026-01-01 07:10:00,552.9844641336653,0.24921632535685828,117.81924943939383,2968.1540154019895,0
5,45,2026-01-01 07:20:00,557.134496171841,0.18066092245739304,117.45888768855885,2976.06426798305,0
5,46,2026-01-01 07:30:00,561.3537382970247,0.26574224503558186,117.20631764263777,2954.267526831066,0
5,47,2026-01-01 07:40:00,560.2822950688541,0.20966970520805603,118.69185504058811,2974.921972902011,0
5,48,2026-01-01 07:50:00,555.1331913396185,0.15341389443249723,115.99918139134267,2970.229639776739,0
5,49,2026-01-01 08:00:00,554.4239860825934,0.20536596138817503,117.0108676891441,2950.0120044174846,0
5,50,2026-01-01 08:10:00,560.6311703076152,0.17226092945237384,112.99548765219852,2967.5826653106856,0
5,51,2026-01-01 08:20:00,557.0743642111383,0.24096276654920773,115.52650909287242,2969.056157371267,0
5,52,2026-01-01 08:30:00,557.5640391889158,0.20960288666610902,117.99718714806474,2953.467125965061,0
5,53,2026-01-01 08:40:00,562.6651446149194,0.22930623226742067,113.53596224321275,2953.933602394864,0
5,54,2026-01-01 08:50:00,564.4549306269614,0.2107759393736477,116.46234387695863,2946.302272464604,0
5,55,2026-01-01 09:00:00,558.7970010617482,0.20616043093220168,114.71639442766097,2953.9793011774273,0
5,56,2026-01-01 09:10:00,561.1157190771635,0.19230511961537494,115.77802605645653,2959.8187698434426,0
5,57,2026-01-01 09:20:00,561.2281528591898,0.2676266119881673,114.69321645104823,2951.1178819052993,0
5,58,2026-01-01 09:30:00,561.1591734001961,0.23023108256066513,113.362751648556,2936.29811009777,0
5,59,2026-01-01 09:40:00,561.9744739998974,0.22760090060410545,116.5577209156339,2947.5283224875934,0
5,60,2026-01-01 09:50:00,564.3230682120919,0.23534312773578298,115.61509219023621,2950.8834755406774,0
5,61,2026-01-01 10:00:00,560.2326912455255,0.21925217685750778,116.86811538223154,2968.6811520730553,0
5,62,2026-01-01 10:10:00,557.8795245393089,0.23713937405140795,117.1603043874263,2964.6357594359397,0
5,63,2026-01-01 10:20:00,567.7262798008113,0.2610572238377395,117.95051747417803,2967.543316183125,0
5,64,2026-01-01 10:30:00,566.125408630613,0.2147569690173212,115.69554491945676,2943.2004308307296,0
5,65,2026-01-01 10:40:00,559.7471221005375,0.22389060458805618,117.89438490634927,2955.6946902576187,0
5,66,2026-01-01 10:50:00,563.6658245977565,0.3179901009898049,113.33416527093239,2916.51144537212,0
5,67,2026-01-01 11:00:00,566.4919279223298,0.25179434646862997,117.03220537274197,2958.576663115572,0
5,68,2026-01-01 11:10:00,565.9078461192925,0.24773986356140695,116.06163797551285,2960.5920365370835,0
5,69,2026-01-01 11:20:00,565.247647072645,0.21959693743579223,115.53761387645814,2945.439908196372,0
5,70,2026-01-01 11:30:00,563.5518193252248,0.3109802304989696,115.88946446832624,2954.4314471758266,0
5,71,2026-01-01 11:40:00,569.4453046323288,0.23836923340344376,113.0070936719005,2926.5618501551635,0
5,72,2026-01-01 11:50:00,565.126862331664,0.28369951805133764,112.46364923729281,2936.555423715431,0
5,73,2026-01-01 12:00:00,563.1203007934665,0.21974059786509142,118.20537065786829,2959.3388814336267,0
5,74,2026-01-01 12:10:00,567.4792986151082,0.3246035064023198,114.37684135789117,2954.811656320951,0
5,75,2026-01-01 12:20:00,565.3551402115686,0.3428112554845391,114.27687029924374,2940.2507537629,0
5,76,2026-01-01 12:30:00,566.3172503246179,0.3190300485129982,112.36680962294598,2957.8847204753565,0
5,77,2026-01-01 12:40:00,566.0781976047737,0.2422340759937881,111.53644338900632,2947.0744717519988,0
5,78,2026-01-01 12:50:00,567.1599695784436,0.3411796311645324,114.25193367094687,2936.722399826882,0
5,79,2026-01-01 13:00:00,562.935166954088,0.27860286718275323,113.67396701412541,2940.829018912379,0
5,80,2026-01-01 13:10:00,561.7181094099185,0.2689774513817478,114.2891829991992,2936.0258774874696,0
5,81,2026-01-01 13:20:00,570.5747195982722,0.3046492016645918,114.38859359505005,2924.3862178805794,0
5,82,2026-01-01 13:30:00,567.2219679710819,0.30807607112736485,119.12177930537852,2960.278858517103,0
5,83,2026-01-01 13:40:00,568.9866489750829,0.3082837841823802,113.39426860995066,2932.193919214897,0
5,84,2026-01-01 13:50:00,561.5957223394671,0.38375946991618776,117.15988021588689,2927.514589285546,0
5,85,2026-01-01 14:00:00,570.2759421832864,0.417664127230154,117.21261985866133,2916.345489478014,0
5,86,2026-01-01 14:10:00,565.7123287782183,0.2868560308529602,115.36439142768683,2899.0319105575913,0
5,87,2026-01-01 14:20:00,565.0590240710014,0.31855041915048576,113.31546162061606,2948.3795958789274,0
5,88,2026-01-01 14:30:00,567.4884519256755,0.3563476885438391,110.99134104202025,2949.0469874484006,0
5,89,2026-01-01 14:40:00,564.9455236540867,0.33967495324516395,114.59874489752495,2954.324150197492,0
5,90,2026-01-01 14:50:00,568.0751620481803,0.3758372382364468,115.60905273083046,2933.478695971733,0
5,91,2026-01-01 15:00:00,567.8722349589566,0.4011901954878318,116.99537492856597,2930.170112090596,0
5,92,2026-01-01 15:10:00,571.6633305728445,0.39926672952753633,111.52865552007786,2926.669867586167,0
5,93,2026-01-01 15:20:00,573.223069220704,0.39847456273950355,112.87009007877232,2927.3230641238556,0
5,94,2026-01-01 15:30:00,573.3284759499533,0.4452939866531155,111.3979851048686,2949.6539981182455,0
5,95,2026-01-01 15:40:00,562.2912764903831,0.32026903789253924,111.94732972941186,2931.745128411923,0
5,96,2026-01-01 15:50:00,566.4802137961844,0.44797986188226624,114.4716322113284,2937.0996333685925,0
5,97,2026-01-01 16:00:00,562.66194685139,1.4638288673850977,111.7128190326971,2924.0841832348797,0
5,98,2026-01-01 16:10:00,566.1068731766949,0.43023313382702505,111.35145764536598,2949.812718593311,0
5,99,2026-01-01 16:20:00,567.9398382244314,0.36274550966984265,114.52256315601598,2900.714631094193,0
5,100,2026-01-01 16:30:00,571.3209705599664,0.3727481545283506,113.75862043722995,2910.2635659506577,0
5,101,2026-01-01 16:40:00,568.7303788679509,0.4407803708684647,113.48573668158464,2933.5528007206613,0
5,102,2026-01-01 16:50:00,569.0148612157255,0.3424059649063326,111.40851099788757,2953.4020184113215,0
5,103,2026-01-01 17:00:00,571.2372583353136,0.4644441531570426,115.22890369928655,2923.05206843219,0
5,104,2026-01-01 17:10:00,565.7649282072337,0.4806281319303982,112.60040896606816,2913.0787236283754,0
5,105,2026-01-01 17:20:00,568.5779705411084,0.44275592540315845,117.26038027750954,2940.0099405773753,0
5,106,2026-01-01 17:30:00,569.7839729796908,0.44678172968844837,112.75090376751152,2929.141190915938,0
5,107,2026-01-01 17:40:00,570.8883297483916,0.41328441708631497,107.69044717344855,2942.924635751342,0
5,108,2026-01-01 17:50:00,571.9272905421052,0.4791782311981876,107.52996321616055,2903.5018765859777,0
5,109,2026-01-01 18:00:00,576.3992707977706,0.4717290747797664,113.46218559797664,2940.3178844330214,0
5,110,2026-01-01 18:10:00,574.8232227689576,0.4266362765059859,114.74384544751875,2898.2017095770475,0
5,111,2026-01-01 18:20:00,569.9911770693813,0.45356313936892134,110.50377231158087,2916.391703521963,0
5,112,2026-01-01 18:30:00,571.7160128216456,0.46862658301216786,116.20195754555431,2926.191741292359,0
5,113,2026-01-01 18:40:00,571.7125754458665,,115.25456930255963,2922.0759149587007,0
5,114,2026-01-01 18:50:00,571.3593281647235,0.4321943215272254,112.27823638402516,2934.480313611164,0
5,115,2026-01-01 19:00:00,573.9202260488913,0.5206047058382537,112.86462217042656,2890.4572426020045,0
5,116,2026-01-01 19:10:00,567.7242327696587,0.48888840829453645,113.50334614906274,2919.2579693383427,0
5,117,2026-01-01 19:20:00,576.1466074497338,0.5052801682040997,115.42284693749816,2934.423201920331,0
5,118,2026-01-01 19:30:00,578.7860095150032,0.4876234819122663,112.93570050491974,2916.6036991203673,0
5,119,2026-01-01 19:40:00,573.0967283779845,0.5359053902088795,111.87586330454229,2897.8649048034995,0
5,120,2026-01-01 19:50:00,573.2390495817895,0.5310345820691337,112.77317382374473,2929.398325208114,0
5,121,2026-01-01 20:00:00,574.7791684559116,0.5778421313050127,112.43186342004131,2903.846774519273,0
5,122,2026-01-01 20:10:00,577.5670865023092,0.5548505429053144,113.13453466026428,2900.4922976761995,0
5,123,2026-01-01 20:20:00,573.7369402781197,0.5338668745642707,108.07423912812664,2897.8908208496046,0
5,124,2026-01-01 20:30:00,577.7125497840195,0.5187850517896935,111.77456404275205,2908.448294734337,0
5,125,2026-01-01 20:40:00,576.5770911602168,0.5894631233005434,111.99230958658804,2913.4601890198787,0
5,126,2026-01-01 20:50:00,582.3973343320141,0.5500250810485416,110.85430566589565,2890.9634991794537,0
5,127,2026-01-01 21:00:00,574.527406811656,0.5610143489943143,112.49690431700655,2893.331026134765,0
5,128,2026-01-01 21:10:00,569.7862843711232,0.5676109316666603,114.69947809828095,2898.154185433495,0
5,129,2026-01-01 21:20:00,571.616361209372,0.565084049354327,111.06214854792317,2893.532313138843,0
5,130,2026-01-01 21:30:00,576.1518561407719,0.5816771774757034,112.09772787570108,2907.694230541099,0
5,131,2026-01-01 21:40:00,579.4006105677765,0.6716692368205277,113.85538666376024,2911.8468953745846,0
5,132,2026-01-01 21:50:00,574.5603297215949,0.5595220668144842,110.89455758331228,2909.0723928682846,0
5,133,2026-01-01 22:00:00,576.025952650374,0.5757206128195356,108.72307359528239,2908.379978331217,0
5,134,2026-01-01 22:10:00,578.9741710691376,0.6705914078486189,111.66012912674728,2929.3505900150435,0
5,135,2026-01-01 22:20:00,574.2248379116503,0.6071957232171358,105.95381058354671,2909.9266825658356,0
5,136,2026-01-01 22:30:00,575.4876203738442,0.6111843323104735,105.68898020978894,2914.6166065754815,0
5,137,2026-01-01 22:40:00,574.0191413657407,0.6776768406229783,110.88030980851822,2895.923620896203,0
5,138,2026-01-01 22:50:00,581.257898564362,0.5865993819413831,105.45291637669341,2915.5886635684938,0
5,139,2026-01-01 23:00:00,582.5491255782462,0.6834421216854425,107.44109308657218,2893.778997857386,0
5,140,2026-01-01 23:10:00,573.3867550315208,0.6596371571728618,109.23980287297935,2906.1717249138287,0
5,141,2026-01-01 23:20:00,577.8993363601783,0.6836849583200137,108.48573872907966,2878.7152112629783,0
5,142,2026-01-01 23:30:00,582.7485626394805,0.6902663019855951,109.56152985004863,2901.0649405512504,0
5,143,2026-01-01 23:40:00,579.9237641222953,0.654689768607021,112.01145456725129,2883.2264393296027,0
5,144,2026-01-01 23:50:00,577.4608537295742,0.72929224916518,110.19124733701356,2911.183391960116,0
5,145,2026-01-02 00:00:00,574.4909779268817,0.672727032994959,107.96421633929822,2909.5667183585533,0
5,146,2026-01-02 00:10:00,582.7891907983256,0.7186259633109701,112.28031071699712,2888.7148749008993,0
5,147,2026-01-02 00:20:00,580.6127956448335,0.7593722606711656,106.64228552691162,2925.743623929368,0
5,148,2026-01-02 00:30:00,575.3131836939176,0.7726624455448792,109.87233844611563,2889.997539842812,0
5,149,2026-01-02 00:40:00,583.5027088759107,0.7145162380164539,106.27697090711945,2869.3911450613405,0
5,150,2026-01-02 00:50:00,575.3327178861549,0.7514734339288242,109.79035009717538,2881.1703733017025,0
5,151,2026-01-02 01:00:00,579.6733629660692,0.7263670204581819,108.57703090650051,2876.4807418074897,0
5,152,2026-01-02 01:10:00,579.7418701755979,0.8487487878662613,111.30733296590988,2897.1226029553654,0
5,153,2026-01-02 01:20:00,585.5917511294006,0.7877041633216875,110.51280751381702,2872.183840314199,0
5,154,2026-01-02 01:30:00,580.1543614243595,0.7678154624334775,107.82572133601667,2881.911789762906,0
5,155,2026-01-02 01:40:00,580.3444647982407,0.7849614314536159,107.37069214693895,2894.003996843766,0
5,156,2026-01-02 01:50:00,577.2500506795926,0.7968007982504958,108.22694939107865,2890.6511169921055,0
5,157,2026-01-02 02:00:00,579.6189855342527,0.8060957779833801,112.53685720578297,2887.667485672016,0
5,158,2026-01-02 02:10:00,579.2891850459296,0.7871873799676072,111.95242267650187,2889.0328649285184,0
5,159,2026-01-02 02:20:00,579.6462971877003,,106.70632077211984,2880.871069965957,0
5,160,2026-01-02 02:30:00,582.1617107175327,0.8071911716533894,110.17187924743126,2861.6580048792907,0
5,161,2026-01-02 02:40:00,575.0412208424722,0.7759943630481118,105.03713714220547,2879.0474266888305,0
5,162,2026-01-02 02:50:00,578.0139521208922,0.8586815502585702,107.5338865064567,2891.3169610504433,0
5,163,2026-01-02 03:00:00,582.4124790934642,0.8063027326052655,106.50201415141794,2881.5174037422876,0
5,164,2026-01-02 03:10:00,583.3101926207404,0.8044451090855093,110.42427320085918,2888.7294684541002,0
5,165,2026-01-02 03:20:00,582.4470230326398,0.8547929291180465,105.63285067470889,2873.341111700215,0
5,166,2026-01-02 03:30:00,583.2258308163595,0.858738015730772,109.00155761370208,2896.3436126267407,0
5,167,2026-01-02 03:40:00,582.3217573018914,0.8825559306897229,108.0728488145605,2842.369517702216,0
5,168,2026-01-02 03:50:00,583.6944861903111,0.8585217852241437,107.64910234054098,2882.1216076938504,0
5,169,2026-01-02 04:00:00,585.2533195179295,0.8742795636146387,111.27173733006023,2899.5189194925333,0
5,170,2026-01-02 04:10:00,585.4331869003487,0.9264491296933355,111.37653724181149,2901.03690631205,0
5,171,2026-01-02 04:20:00,582.285803337053,0.9328479386575628,107.49692864880835,2874.3797503185056,0
5,172,2026-01-02 04:30:00,587.2988556473204,0.9400669712348223,107.02245311308572,2857.249884808214,0
5,173,2026-01-02 04:40:00,585.2257903692243,0.9267832102338553,104.62911050525081,2896.925664063722,0
5,174,2026-01-02 04:50:00,588.6519990118765,0.9411717646271686,107.56291059695015,2874.936308212202,0
5,175,2026-01-02 05:00:00,589.4548672938013,0.9526745867584202,111.40660651149199,2872.6154569109517,0
5,176,2026-01-02 05:10:00,581.0289626930231,0.9263093508158042,107.17110074951559,2860.892894672548,0
5,177,2026-01-02 05:20:00,582.9809530976795,1.0206586911742113,108.81466142343042,2854.8231163585547,0
5,178,2026-01-02 05:30:00,588.1995726913402,1.0241579728301202,104.49071963787577,2881.315090391008,0
5,179,2026-01-02 05:40:00,580.9651441681846,1.0119137171349368,106.34473585481851,2882.190928964237,0
5,180,2026-01-02 05:50:00,590.4212451737944,0.9724106896051607,108.06778775446244,2874.451731455563,0
5,181,2026-01-02 06:00:00,585.3299605584191,1.020363994947598,107.28315336752468,2859.253598990378,0
5,182,2026-01-02 06:10:00,588.2875991053271,1.047337922510791,108.64933466882113,2854.0250176233626,0
5,183,2026-01-02 06:20:00,586.4142208685605,0.9687319613036033,105.7232276594541,2847.801984457416,0
5,184,2026-01-02 06:30:00,582.7871171309346,1.0949488378148786,103.35716575949553,2860.163250930259,0
5,185,2026-01-02 06:40:00,590.3318123778245,0.9671532104772373,109.02989474635883,2852.769339385908,0
5,186,2026-01-02 06:50:00,595.6182405201835,1.0745251128904039,104.84198713574389,2841.5032117134915,0
5,187,2026-01-02 07:00:00,586.0219394566473,1.1141361551327518,107.65606519786111,2876.198746613867,0
5,188,2026-01-02 07:10:00,586.8007814903214,1.061198124704225,107.4731423044054,2845.9283277920113,0
5,189,2026-01-02 07:20:00,580.0214513701989,1.069469705257077,103.17249360993601,2879.758840221461,0
5,190,2026-01-02 07:30:00,592.2241515675113,1.1120141485426116,108.52682226305149,2870.1967899374163,0
5,191,2026-01-02 07:40:00,591.1058316828116,1.169254245702865,105.22400846808492,2867.9865463857045,0
5,192,2026-01-02 07:50:00,583.3712769852638,1.0938593352986716,106.39582352968822,2887.836778548044,0
5,193,2026-01-02 08:00:00,582.5776650424308,1.083838721534546,105.4979205863546,2842.8558176318893,0
5,194,2026-01-02 08:10:00,583.1255204362185,1.108152616979762,109.38804014732295,2874.5351513693035,1
5,195,2026-01-02 08:20:00,591.1096145189756,1.0730815991095717,108.7584089877967,2856.2496471189643,1
5,196,2026-01-02 08:30:00,591.6099742588423,1.1812228159486062,102.37533083245856,2898.566052349443,1
5,197,2026-01-02 08:40:00,586.8058910240366,1.134931336692466,110.44622567238781,2853.573797818626,1
5,198,2026-01-02 08:50:00,591.2745658084341,1.1573950690414594,104.50052939211247,2850.4368035295442,1
5,199,2026-01-02 09:00:00,590.454309934402,1.212399274465944,109.99058763967797,2864.2401794800016,1
5,200,2026-01-02 09:10:00,589.0767623080088,1.1712756278399326,105.20186657000573,2854.009229159728,1
5,201,2026-01-02 09:20:00,593.2900547657703,1.2271050858410462,104.96102373067328,2845.0516269940736,1
5,202,2026-01-02 09:30:00,586.965550339173,1.1656591766840831,105.07677310527292,2841.160133955248,1
5,203,2026-01-02 09:40:00,594.2238676407817,1.2560245583829597,104.69842071004102,2876.873067325811,1
5,204,2026-01-02 09:50:00,588.7965781950999,1.2418968641159247,110.47736450421787,2836.8337898072145,1
5,205,2026-01-02 10:00:00,596.5276457601868,1.2352742016498661,105.2044164585016,2856.917741977136,1
5,206,2026-01-02 10:10:00,588.3680105009842,1.2547016196197924,104.68112142063691,2868.699904951534,1
5,207,2026-01-02 10:20:00,590.5301051927711,1.20869576313736,105.3683072292716,2868.710281924497,1
5,208,2026-01-02 10:30:00,591.9614756983414,1.2752383971048173,103.20818674900772,2842.40378539585,1
5,209,2026-01-02 10:40:00,592.1435627863245,1.2760555459581848,108.26566964000907,2847.6215137048994,1
5,210,2026-01-02 10:50:00,593.6599855018543,1.2422008205824975,102.05783832861374,2843.9970974847843,1
5,211,2026-01-02 11:00:00,588.5313456024029,1.27664271315333,103.70055421442862,2826.260432845726,1
5,212,2026-01-02 11:10:00,,1.3092753427431236,106.73046347683645,2856.63418931673,1
5,213,2026-01-02 11:20:00,593.2045736906367,1.301164706096984,104.87041854724916,2848.4346975416647,1
5,214,2026-01-02 11:30:00,591.407856756487,1.2400348953285956,105.8127160792858,2868.7516333518856,1
5,215,2026-01-02 11:40:00,594.4041401380925,1.3906898287527218,107.70918537622799,2834.08049496905,1
5,216,2026-01-02 11:50:00,589.3537474023938,1.3531174254045766,106.57903166809353,2862.044734093551,1
5,217,2026-01-02 12:00:00,592.614388332848,1.279061522880538,104.77495269028229,2862.388512254263,1
5,218,2026-01-02 12:10:00,591.5350904839319,1.4666883772810533,108.60725672827503,2844.9917895878325,1
5,219,2026-01-02 12:20:00,593.0252429256386,1.4422676989923233,103.10047055955039,2811.0085050089233,1
5,220,2026-01-02 12:30:00,598.5375349511921,1.3900266873450215,104.08509500372918,2835.1686279954783,1
5,221,2026-01-02 12:40:00,598.7966886070436,1.381711850983087,104.15340505128017,2868.930924007419,1
5,222,2026-01-02 12:50:00,598.409463667458,1.4430169979202168,103.93801361082318,2845.8844080009503,1
5,223,2026-01-02 13:00:00,593.4123353026146,1.4465118385392433,101.93300725750625,2851.115281302364,1
5,224,2026-01-02 13:10:00,597.7228548304006,1.4716835969920148,100.832700349679,2838.6625012754753,1
6,1,2026-01-01 00:00:00,551.3669209096636,0.1589569751247591,121.01982454814095,2995.566224937167,0
6,2,2026-01-01 00:10:00,550.1191147501036,0.08041569904638372,115.51335943263157,3018.3712325682823,0
6,3,2026-01-01 00:20:00,549.0610331411751,0.12839360323886928,119.7685269600052,2984.730998907188,0
6,4,2026-01-01 00:30:00,551.5377655004514,0.10673341899323621,120.0291829349513,3006.5441393064766,0
6,5,2026-01-01 00:40:00,550.8277574222748,,119.08616709275006,2992.219944104364,0
6,6,2026-01-01 00:50:00,554.5941030837402,0.19071899578650886,122.15205440448916,2993.320485094429,0
6,7,2026-01-01 01:00:00,551.6708886585885,0.17712119019406747,120.34131799603537,2992.2197700779484,0
6,8,2026-01-01 01:10:00,549.3735799205742,0.05680669359435994,122.04639278477165,2981.574993118687,0
6,9,2026-01-01 01:20:00,554.7866422146357,,118.92233904898563,2993.331116408261,0
6,10,2026-01-01 01:30:00,551.3665439948924,0.1644253664197029,121.15746619577618,2991.885388775796,0
6,11,2026-01-01 01:40:00,553.799340992721,0.12210317862207049,122.4808951208936,2995.7262270444867,0
6,12,2026-01-01 01:50:00,550.9892925450987,0.1600495198242478,121.76240035146012,2992.6577117145407,0
6,13,2026-01-01 02:00:00,550.673837729158,0.16146553816343492,116.88298138713355,3002.642563984094,0
6,14,2026-01-01 02:10:00,553.0776167981804,0.12844982215987907,118.48816353998251,3003.807786191383,0
6,15,2026-01-01 02:20:00,553.0653917602275,0.16379854648213643,118.2334374052439,2973.4783183340182,0
6,16,2026-01-01 02:30:00,554.6681806576701,0.13239338061005027,119.83052700737238,3001.551766881059,0
6,17,2026-01-01 02:40:00,552.6245560136134,0.14138046810956814,120.15297616832504,2970.0076441763117,0
6,18,2026-01-01 02:50:00,548.1232076442044,0.13101874146516954,117.03073483132073,2995.903040115788,0
6,19,2026-01-01 03:00:00,552.5357590667236,0.10213029775988804,118.77244832828231,2995.6637947750273,0
6,20,2026-01-01 03:10:00,556.4173298408933,0.1662901339880881,114.52516775721239,2956.980470840309,0
6,21,2026-01-01 03:20:00,553.3455399237056,0.1849404618460222,121.37716355420469,2986.32742412395,0
6,22,2026-01-01 03:30:00,553.7003116758644,0.1832479208102169,117.39677618232375,2977.1878049363663,0
6,23,2026-01-01 03:40:00,557.6003851230989,0.19662596303026206,118.46150366444236,2972.116278978503,0
6,24,2026-01-01 03:50:00,552.7071296455775,0.17803122065903546,117.65872747785347,3003.043054018781,0
6,25,2026-01-01 04:00:00,550.4164333945987,0.14502953503925,120.49833317693266,2972.257593159497,0
6,26,2026-01-01 04:10:00,554.764743412724,0.20125833563055648,112.4595162651873,2969.24963754305,0
6,27,2026-01-01 04:20:00,553.9959086395273,0.11475658892091167,118.02955958440647,2981.7632267906592,0
6,28,2026-01-01 04:30:00,552.751485255987,0.13446822805126737,117.77939387513912,2990.1941600958216,0
6,29,2026-01-01 04:40:00,555.3258825695237,0.13341715670791163,117.0120097360274,2977.0680963219556,0
6,30,2026-01-01 04:50:00,557.5283286009332,0.21672976151938608,121.29998672355826,2995.9708945079087,0
6,31,2026-01-01 05:00:00,556.2277396964624,0.21283370268428628,116.00112583565168,2985.7224824630935,0
6,32,2026-01-01 05:10:00,557.3783423211977,0.19626129794125002,119.24762822891078,2944.3671889484235,0
6,33,2026-01-01 05:20:00,562.0994159206583,0.22134549278458643,118.34479257292787,2968.380865502552,0
6,34,2026-01-01 05:30:00,555.8323499624125,0.1450484799721967,120.08357662166296,2967.177749675644,0
6,35,2026-01-01 05:40:00,557.8978261729923,0.19596737253157448,116.15441106811315,2982.0783066781228,0
6,36,2026-01-01 05:50:00,555.736933903234,0.1788726504461651,115.95110256049688,2934.7981477418325,0
6,37,2026-01-01 06:00:00,554.9272885533436,0.21966325495714203,119.53743129477543,3011.688060428972,0
6,38,2026-01-01 06:10:00,555.9134384747243,0.1831396280958087,118.12418521755708,2980.700817432382,0
6,39,2026-01-01 06:20:00,556.4336794423856,0.17436379183354184,114.11191902861957,2974.2510892784962,0
6,40,2026-01-01 06:30:00,559.1501762715652,0.21346304146033057,116.05143481412279,2989.0239641767807,0
6,41,2026-01-01 06:40:00,565.3207699609992,0.2289909441293835,117.83106127182168,3005.737770433445,0
6,42,2026-01-01 06:50:00,556.3272060140424,0.1693801297476027,118.66207552829498,2982.9266705208443,0
6,43,2026-01-01 07:00:00,557.4272541279967,0.19589295416301772,115.55633689989212,2983.3801785098544,0
6,44,2026-01-01 07:10:00,558.6895547274823,0.15827268252298193,111.01453734772038,2970.3908436405086,0
6,45,2026-01-01 07:20:00,560.2681140349184,0.10301447739636317,117.81774681990456,2965.5901181838003,0
6,46,2026-01-01 07:30:00,560.0731636466267,0.21333419695595998,114.25891018961877,2959.858584034994,0
6,47,2026-01-01 07:40:00,563.3365923145798,0.2321032029288235,112.59312509433813,2953.886347030111,0
6,48,2026-01-01 07:50:00,552.4069224431029,0.22071312139723204,110.89140196169092,2955.2553266210994,0
6,49,2026-01-01 08:00:00,552.7271027660946,0.13478372405461048,118.1122666531309,2944.5847098622094,0
6,50,2026-01-01 08:10:00,558.6020515826243,0.20132024266864565,116.66979095462159,2962.9874887778415,0
6,51,2026-01-01 08:20:00,563.5833803832589,,115.88949441346338,2938.1380580904834,0
6,52,2026-01-01 08:30:00,555.7963294477842,0.2754751685194031,119.04710702188966,2965.554330821797,0
6,53,2026-01-01 08:40:00,551.6721702454927,0.17998981816312387,117.4719587830865,2961.4281350497686,0
6,54,2026-01-01 08:50:00,562.6103992052047,0.27644530643675214,119.35816062356042,2963.459634856966,0
6,55,2026-01-01 09:00:00,561.8296263796283,0.2669133917921284,113.26834071485884,2952.7061430416284,0
6,56,2026-01-01 09:10:00,558.029823210095,0.19595671930562383,115.91296153236114,3005.973533355398,0
6,57,2026-01-01 09:20:00,558.5456233503036,0.18962294609455757,112.67688715144926,2979.5048775161576,0
6,58,2026-01-01 09:30:00,558.7948047155354,,115.37980035871058,2939.7175127229443,0
6,59,2026-01-01 09:40:00,562.2374355488344,0.20722625426203867,115.2695844359644,2961.161182746381,0
6,60,2026-01-01 09:50:00,560.2286774898366,0.248209462301583,116.94829453910013,2947.83058050168,0
6,61,2026-01-01 10:00:00,563.7916087972853,0.22796011722476844,115.71444614793401,2941.015987955891,0
6,62,2026-01-01 10:10:00,553.9473307736187,0.17924231189610773,116.79838378328628,2935.4146140004054,0
6,63,2026-01-01 10:20:00,560.1424488889215,0.1645376387033399,116.88670089408049,2961.281456639416,0
6,64,2026-01-01 10:30:00,559.5366363235449,0.2661437237775848,119.7179291036452,2943.8600139627456,0
6,65,2026-01-01 10:40:00,562.3475698931336,0.23798632172995587,114.7057295593829,2967.88061905993,0
6,66,2026-01-01 10:50:00,561.7042423747538,0.2417496000278929,113.38252858969862,2967.5524731282703,0
6,67,2026-01-01 11:00:00,565.9137107118846,0.2951845907653843,115.68499234274044,2972.536966899248,0
6,68,2026-01-01 11:10:00,558.1439627791902,0.31781685614000266,113.51651617890477,2938.4249608407267,0
6,69,2026-01-01 11:20:00,564.0602412451358,0.26355878746920197,118.01324889113316,2957.623757702981,0
6,70,2026-01-01 11:30:00,565.8005698077517,0.26447032267214665,114.41114239744584,2959.2625980029975,0
6,71,2026-01-01 11:40:00,569.8972965697756,0.30178597027386056,113.77467686066458,2941.9456233375663,0
6,72,2026-01-01 11:50:00,563.0838500687823,0.23124108753798375,113.89144927518656,2936.7642278139947,0
6,73,2026-01-01 12:00:00,565.7043175170935,0.2982351772684335,116.1991666855083,2971.76612837229,0
6,74,2026-01-01 12:10:00,559.521147048322,0.315227322079868,114.3750889931783,2950.318267732393,0
6,75,2026-01-01 12:20:00,557.958660535043,0.3242562030480406,113.33550044045673,2955.727857067851,0
6,76,2026-01-01 12:30:00,567.8706459973004,0.2235242814914878,117.87778903704078,2933.1397118405184,0
6,77,2026-01-01 12:40:00,565.521435710984,0.27453985705537715,112.76299664154645,2926.4640962308667,0
6,78,2026-01-01 12:50:00,569.2754483832965,0.2739154993668418,114.47471959201218,2935.4941278220804,0
6,79,2026-01-01 13:00:00,561.8214953689652,0.317145752664092,115.63645086824289,2941.4580648393744,0
6,80,2026-01-01 13:10:00,567.7032041764338,0.3365365860622832,110.9974194652645,2926.6375967587264,0
6,81,2026-01-01 13:20:00,571.9517450014522,0.38138403092914086,115.14886180998673,2941.735735941993,0
6,82,2026-01-01 13:30:00,567.8062020268655,0.3059780905522139,112.00637657729023,2915.8383414614837,0
6,83,2026-01-01 13:40:00,567.57862344054,0.31018718834610076,115.69040861099536,2923.6477191562253,0
6,84,2026-01-01 13:50:00,566.976340888213,0.380442630921049,112.04779214656563,2949.794610428189,0
6,85,2026-01-01 14:00:00,562.4398219963352,0.3507367729704386,115.28688335517755,2948.0703107189665,0
6,86,2026-01-01 14:10:00,571.4209788968171,0.39404998451596995,116.04126254514549,2932.4178126447578,0
6,87,2026-01-01 14:20:00,565.7234808922441,0.3594155562039664,115.4807205848979,2922.3120107001687,0
6,88,2026-01-01 14:30:00,569.2712973027812,0.30615656672606145,114.18873195118472,2921.4499332741952,0
6,89,2026-01-01 14:40:00,563.2705383358916,0.3037431760503967,113.15174788992536,2930.5444740687276,0
6,90,2026-01-01 14:50:00,,0.2996871824219659,112.3897617441913,2945.093786343289,0
6,91,2026-01-01 15:00:00,572.6684908972182,0.3929613912933734,116.41292139957143,2948.632205549537,0
6,92,2026-01-01 15:10:00,567.5231155546511,0.41880711972112356,112.00011269867817,2926.543055357905,0
6,93,2026-01-01 15:20:00,573.1266425716254,0.45007394472360457,111.2532221129497,2915.9711562111247,0
6,94,2026-01-01 15:30:00,568.7339178882953,0.41471216800748245,114.58634325123158,2936.5737083796544,0
6,95,2026-01-01 15:40:00,563.6447102685704,0.4324422768382532,111.59158289586917,2919.4855404630334,0
6,96,2026-01-01 15:50:00,572.0484001086122,0.3677211428289046,111.21198062838613,2923.3472866502657,0
6,97,2026-01-01 16:00:00,567.8043140781233,0.3497105092393933,110.1531502200551,2950.2827288005014,0
6,98,2026-01-01 16:10:00,571.8718511939144,0.4350679443558426,112.00279018654982,2942.092830083195,0
6,99,2026-01-01 16:20:00,570.0532110779566,0.4229219136746069,112.7314309387541,2931.338224549243,0
6,100,2026-01-01 16:30:00,565.5500175134808,0.4157146544604543,113.31129556294471,2909.1723360595424,0
6,101,2026-01-01 16:40:00,570.8740502153942,0.43216621798982313,114.65597571729852,2930.7045807990557,0
6,102,2026-01-01 16:50:00,577.171629067714,0.43490554071641424,113.73541019710737,2942.756002859571,0
6,103,2026-01-01 17:00:00,572.263712738772,0.47868984184170826,112.22812103174566,2920.4641497220373,0
6,104,2026-01-01 17:10:00,570.8139938261854,0.48454792024562116,112.14172523916882,2945.647877269083,0
6,105,2026-01-01 17:20:00,574.4143710130455,0.4599809237278314,113.48668265083485,2944.0548564728183,0
6,106,2026-01-01 17:30:00,572.0221399247573,0.4775601206939064,114.93975915993785,2948.902180822959,0
6,107,2026-01-01 17:40:00,572.2205309419095,0.4698586874214496,112.57549835412334,2927.80734644954,0
6,108,2026-01-01 17:50:00,568.5188464566169,0.4364698589520404,111.31285936781237,2931.322086259422,0
6,109,2026-01-01 18:00:00,572.6970597724361,0.4908519815148148,110.19364019513833,2943.0065312980605,0
6,110,2026-01-01 18:10:00,575.3036396662912,0.41053462142468,109.2172127895612,2927.787142239891,0
6,111,2026-01-01 18:20:00,569.8909166827134,0.5142473993075445,113.36841378354893,2912.840232777766,0
6,112,2026-01-01 18:30:00,576.8743843247273,0.43014041603762376,113.12008260781724,2912.9131130574633,0
6,113,2026-01-01 18:40:00,572.5275725105242,0.49523534488850796,113.04710373182768,2922.50209112275,0
6,114,2026-01-01 18:50:00,570.3411757703171,0.45593121824402305,111.56330890998647,2898.8478566977124,0
6,115,2026-01-01 19:00:00,576.1991742576665,0.5178593824442946,114.56274841555032,2915.3399055072055,0
6,116,2026-01-01 19:10:00,572.5476890416641,0.5004055440003466,110.70889305567341,2933.219507221884,0
6,117,2026-01-01 19:20:00,575.8884101333103,0.44406332800297255,113.51591964033369,2883.1850038917137,0
6,118,2026-01-01 19:30:00,,0.5308248482381852,111.45614649701642,2938.353554396873,0
6,119,2026-01-01 19:40:00,573.8339744842085,0.49707561196797534,110.24518187871307,2931.454447361265,0
6,120,2026-01-01 19:50:00,575.6959272497742,0.5616861752935535,112.5751951437835,2907.0048760540226,0
6,121,2026-01-01 20:00:00,575.2897315315145,0.5327934808060274,112.1376578875922,2921.334718920319,0
6,122,2026-01-01 20:10:00,568.6322387393623,0.5549097228437022,111.96058228983429,2912.513583616599,0
6,123,2026-01-01 20:20:00,571.4568965824075,0.5071948387749994,111.33744473648909,2930.1987344503473,0
6,124,2026-01-01 20:30:00,,0.5283813046418379,111.02735285001926,2925.771637276078,0
6,125,2026-01-01 20:40:00,574.8278054799321,0.5401183287541105,115.80813412027003,2889.3128404975464,0
6,126,2026-01-01 20:50:00,573.8548150602956,0.5992935370829753,113.32815454599772,2918.4053487580168,0
6,127,2026-01-01 21:00:00,571.5520806448105,0.6387343684365092,112.33354616665264,2905.7945059621675,0
6,128,2026-01-01 21:10:00,572.5903874487285,0.5460985452814885,111.03974181416463,2909.4039235353503,0
6,129,2026-01-01 21:20:00,569.9659942146433,0.6280977549403219,112.75870902002741,2896.5213676737935,0
6,130,2026-01-01 21:30:00,575.9293417003977,0.5050074296236954,111.70863529269322,2932.9485134359156,0
6,131,2026-01-01 21:40:00,574.6396648367322,0.5508499308436379,110.65330636653462,2921.6098959084043,0
6,132,2026-01-01 21:50:00,573.7370076274925,0.5671416325703618,109.92201933153095,2894.1949123610334,0
6,133,2026-01-01 22:00:00,576.6341947469177,0.5583199705466043,110.29556442781363,2884.5548319277364,0
6,134,2026-01-01 22:10:00,578.1322706369529,0.5560566132150282,104.04479875245914,2898.071412777485,0
6,135,2026-01-01 22:20:00,583.5217462629976,0.6429522193502387,110.73510302388677,2909.6565531442843,0
6,136,2026-01-01 22:30:00,572.9082959296511,0.6249539523897051,109.265200306147,2906.024612322871,0
6,137,2026-01-01 22:40:00,581.1238830402154,0.6558295570130142,113.35574358400972,2920.501028245963,0
6,138,2026-01-01 22:50:00,580.7668383153322,0.6754612127395577,110.13734285014368,2912.8353429179147,0
6,139,2026-01-01 23:00:00,575.71204913613,0.6657082325833835,107.64897899052649,2914.8125936822576,0
6,140,2026-01-01 23:10:00,578.8608289399913,0.6886876108401795,109.85539664241641,2904.454400515883,0
6,141,2026-01-01 23:20:00,577.0800150501934,0.6669416066580534,107.79116590162387,2877.994599764324,0
6,142,2026-01-01 23:30:00,579.2117742614356,0.629641260264991,110.75847402425005,2895.1811139610477,0
6,143,2026-01-01 23:40:00,583.3838952823661,0.7268839440954271,110.32180504258032,2913.300449237643,0
6,144,2026-01-01 23:50:00,580.8751146620195,0.6685095559926219,111.5838406971941,2895.908770421906,0
6,145,2026-01-02 00:00:00,580.785914805799,0.662205137170539,108.01464897266467,2903.5104810898943,0
6,146,2026-01-02 00:10:00,578.1709554482079,0.7001195052819266,109.59267986958635,2890.4654120426085,0
6,147,2026-01-02 00:20:00,575.2115071352717,0.6783832981112057,106.72287120735301,2879.0819702539347,0
6,148,2026-01-02 00:30:00,579.2400662203967,0.7059103175483502,110.78415548313194,2891.9614982321336,0
6,149,2026-01-02 00:40:00,583.6870890385827,0.7441337710112247,110.34715940123898,2897.7298820490773,0
6,150,2026-01-02 00:50:00,575.6875547261951,0.752121648415187,110.22927820349013,2882.541365822428,0
6,151,2026-01-02 01:00:00,577.3055839134071,0.7101434242608698,109.16915734522509,2888.1235241522622,0
6,152,2026-01-02 01:10:00,581.0514489486125,0.7344693434483958,109.92371618516502,2876.8497554060846,0
6,153,2026-01-02 01:20:00,577.9204751073416,0.8049240933815034,112.23109974128087,2907.012889010098,0
6,154,2026-01-02 01:30:00,578.6986628425109,0.7898322761002966,108.38048413165589,2885.0898900935786,0
6,155,2026-01-02 01:40:00,580.0072311606451,0.8610566545410233,109.15621413423631,2910.5805708450544,0
6,156,2026-01-02 01:50:00,577.3829684152323,0.8333892448687829,106.63492228952956,2911.0029666370374,0
6,157,2026-01-02 02:00:00,578.7592488111267,0.8401381889894568,106.99890408577194,2886.1385706188603,0
6,158,2026-01-02 02:10:00,583.9936918221108,0.7470863559326619,108.85930371623147,2871.5100403122383,0
6,159,2026-01-02 02:20:00,578.163092447029,0.8414424270959628,110.7997953445249,2854.6308143452106,0
6,160,2026-01-02 02:30:00,577.4933791122105,0.817102939418379,108.00761772369415,2863.121237626571,0
6,161,2026-01-02 02:40:00,580.5987142990665,0.8055794211762524,107.9765974346493,2863.876782559256,0
6,162,2026-01-02 02:50:00,584.8864494671708,0.8427830721465078,107.56291112534103,2904.44386055542,0
6,163,2026-01-02 03:00:00,582.3016112576237,0.8823669684929877,107.23541939373736,2884.786696162664,0
6,164,2026-01-02 03:10:00,581.7004271692406,0.8731401027079158,108.82312676791987,2888.175906426402,0
6,165,2026-01-02 03:20:00,583.4290405181074,3.6653360960606984,105.1669196872212,2848.308034641758,0
6,166,2026-01-02 03:30:00,578.2606355489547,0.9000587096575821,110.65156525198816,2862.927364548288,0
6,167,2026-01-02 03:40:00,585.1836685308318,0.8535620335177498,106.68709262347201,2893.485568844004,0
6,168,2026-01-02 03:50:00,585.0516503856908,0.8964903254221681,109.38999531168345,2883.7634950938104,0
6,169,2026-01-02 04:00:00,582.8752135911658,,105.33444226709565,2876.53631543855,0
6,170,2026-01-02 04:10:00,587.3227062708153,0.8967401316474807,109.14037084405207,2886.499541208598,0
6,171,2026-01-02 04:20:00,581.1242381605399,0.9450588163090267,109.07483091966486,2901.846384132396,0
6,172,2026-01-02 04:30:00,588.0922471591329,0.881767947481168,108.42759696912391,2873.276291298065,0
6,173,2026-01-02 04:40:00,585.373794898131,1.0102023815871766,105.59858690258876,2876.9149865017544,0
6,174,2026-01-02 04:50:00,584.1024498536839,0.8686223015625121,108.01479144646073,2878.045904453615,0
6,175,2026-01-02 05:00:00,585.2542804391866,0.9266824860981876,105.07783381887202,2910.321106412518,0
6,176,2026-01-02 05:10:00,585.1939007698318,0.9745734014960387,106.86667079922468,2842.2316291278853,0
6,177,2026-01-02 05:20:00,589.3783374784908,0.9923655084016662,109.35927463240392,2883.252829526765,0
6,178,2026-01-02 05:30:00,582.6892451287978,0.9742542121431678,108.82210340571099,2870.564961784309,0
6,179,2026-01-02 05:40:00,583.8335185157441,0.9853101954436536,107.1873165577266,2880.07108261922,0
6,180,2026-01-02 05:50:00,589.4317786313744,1.0134126929503968,105.1355886418763,2860.991429627299,0
6,181,2026-01-02 06:00:00,584.7380588715785,0.9971850597884591,108.30462833914659,2869.4000536851054,0
6,182,2026-01-02 06:10:00,589.4280566310979,1.071644521929534,106.98046651127049,2880.088199050727,0
6,183,2026-01-02 06:20:00,592.0265590701023,1.0590329522826707,102.22932396048982,2915.3932045851643,0
6,184,2026-01-02 06:30:00,585.9246597622243,1.0699659612307983,108.36346593065994,2880.1026056213004,0
6,185,2026-01-02 06:40:00,589.3759255447483,1.0060530011088198,106.67799173136376,2854.5435900205734,0
6,186,2026-01-02 06:50:00,584.072555442976,1.0512222992963693,109.05961101614551,2860.190689971453,0
6,187,2026-01-02 07:00:00,589.999625903172,1.0521300479286277,104.39241860357,2859.028384786798,0
6,188,2026-01-02 07:10:00,588.535491688902,1.0337277638306328,100.15780313593984,2838.177460033868,0
6,189,2026-01-02 07:20:00,589.5581282993954,1.0982138025726953,106.99762960009845,2859.443265958559,0
6,190,2026-01-02 07:30:00,586.4040909587817,1.0722091046362225,106.95084035784825,2874.6695662721695,0
6,191,2026-01-02 07:40:00,583.5593506501594,1.1298910712498724,102.91462087034765,2843.846159469453,0
6,192,2026-01-02 07:50:00,590.2541508130827,1.070879522024435,104.26721615490356,2877.9693922321267,0
6,193,2026-01-02 08:00:00,582.7559788833688,1.1925133589141232,111.66290185515281,2868.841285993395,1
6,194,2026-01-02 08:10:00,588.1959305860526,1.0980152612929077,105.46949626048162,2849.7936750583267,1
6,195,2026-01-02 08:20:00,592.1733213840132,1.152809777736645,107.4708865626179,2857.9667415385866,1
6,196,2026-01-02 08:30:00,590.1272627143455,1.1859334566520847,104.63590007620493,2883.3470244240325,1
6,197,2026-01-02 08:40:00,595.598391163069,1.1417071503923895,101.68486505431162,2869.6579257227672,1
6,198,2026-01-02 08:50:00,593.0304844084179,1.2089574800774414,105.45320547950236,2858.068974554414,1
6,199,2026-01-02 09:00:00,588.195255507669,1.1360696405437336,105.1907639735982,2853.6544811872895,1
6,200,2026-01-02 09:10:00,590.4406845341731,1.2537522259145766,104.8504677379099,2857.651378209241,1
6,201,2026-01-02 09:20:00,590.4184260089586,1.2067163054133259,105.34919366531008,2848.1082999940945,1
6,202,2026-01-02 09:30:00,586.0158015485266,1.1928289787392592,106.03526300069038,2823.496021988206,1
6,203,2026-01-02 09:40:00,588.1429288110851,1.2153055477801329,105.13474367596773,2884.9824444427745,1
6,204,2026-01-02 09:50:00,589.4836365615716,1.2702692564480529,102.83521636365684,2855.9621619835066,1
6,205,2026-01-02 10:00:00,585.2590514959165,1.2252262243693373,106.26384940375168,2858.887007183116,1
6,206,2026-01-02 10:10:00,591.7119871312123,1.2293743622133522,101.32098743105918,2851.3286931688867,1
6,207,2026-01-02 10:20:00,591.0240849144714,1.2612837230097194,101.04726714821187,2840.453068616934,1
6,208,2026-01-02 10:30:00,586.9544124664689,1.233915502900973,106.55459417325963,2847.9734646243332,1
6,209,2026-01-02 10:40:00,593.3875264882087,1.364716827604045,106.01852484920344,2826.053921616413,1
6,210,2026-01-02 10:50:00,594.5242998484226,1.280192654888281,104.8179446958609,2883.483651730889,1
6,211,2026-01-02 11:00:00,593.2595787729175,1.347118760610481,102.07008953757506,2830.0921854945163,1
6,212,2026-01-02 11:10:00,591.808064532669,1.333290826511468,103.37341578681328,2832.4128824239065,1
6,213,2026-01-02 11:20:00,594.7563892355247,1.2966408785244685,104.19199529386465,2840.5709998265806,1
6,214,2026-01-02 11:30:00,595.2245175836722,1.346946552929325,101.45395197316569,2865.7785349759247,1
6,215,2026-01-02 11:40:00,594.3078609333744,1.3897596366002487,103.09593371534368,2845.957545302841,1
6,216,2026-01-02 11:50:00,591.1136071948841,1.3621361395302485,105.80690282881973,2826.4803845842066,1
6,217,2026-01-02 12:00:00,594.6190399646949,1.428710461649521,107.28510400212103,2863.120008146786,1
6,218,2026-01-02 12:10:00,597.5774733426109,1.433218193784431,103.51987488930173,2854.55245334797,1
6,219,2026-01-02 12:20:00,592.4029379362723,1.4405380898930635,105.79997222432726,2850.9464795151976,1
6,220,2026-01-02 12:30:00,600.688436851478,1.3968714258252817,100.38712649559636,2852.8884799852754,1
6,221,2026-01-02 12:40:00,593.0195197540976,1.383592483190311,105.46240024007477,2877.350406087212,1
6,222,2026-01-02 12:50:00,594.8954273180473,1.4138234446483249,102.46385204946881,2873.49391221478,1
6,223,2026-01-02 13:00:00,592.982543211981,1.4578496376266687,104.61469123341594,2829.6992698549507,1
7,1,2026-01-01 00:00:00,549.4334356394204,0.1565617784464932,117.07686796758058,2998.4885097784945,0
7,2,2026-01-01 00:10:00,554.0826497773307,0.1334060488443587,122.66596393015976,3021.694021228415,0
7,3,2026-01-01 00:20:00,554.6106113015034,0.23296861572031125,120.65403759771078,3003.693211201134,0
7,4,2026-01-01 00:30:00,553.4850005006952,0.1659911330247407,119.01319014646562,3017.5398036644247,0
7,5,2026-01-01 00:40:00,548.2526601714637,0.08842172218465535,118.45529316254279,2997.5477198585963,0
7,6,2026-01-01 00:50:00,552.4547859124376,0.22403884640778368,120.85386335709991,2992.5409363086123,0
7,7,2026-01-01 01:00:00,557.4825657605373,0.12633220310701612,120.71720841671416,2993.7128527426858,0
7,8,2026-01-01 01:10:00,546.3810740898175,0.11317628463368284,117.55376994859832,2981.898249734444,0
7,9,2026-01-01 01:20:00,,0.23848851149949177,116.9805611406471,3000.6280929800478,0
7,10,2026-01-01 01:30:00,555.7828439263516,0.1672174729757126,116.99986807796077,2981.4813595818255,0
7,11,2026-01-01 01:40:00,552.1795484047187,0.18212528835152636,118.16559165537782,2992.7073537860333,0
7,12,2026-01-01 01:50:00,555.184765491738,0.1841953742308877,117.64083725609979,3003.0321111296116,0
7,13,2026-01-01 02:00:00,557.2122669633484,0.14747938261246205,122.1749595465432,3013.1409887486952,0
7,14,2026-01-01 02:10:00,553.9103045637321,0.13373644225377168,117.84958161262398,2991.0143298294033,0
7,15,2026-01-01 02:20:00,554.970849113587,0.141243716796243,116.27617730818217,3000.673207881807,0
7,16,2026-01-01 02:30:00,553.9490821884957,0.22301770822931988,116.30688266922135,2998.0670917659163,0
7,17,2026-01-01 02:40:00,554.7964788704007,0.16793128138691457,118.24430169587599,2980.386792617277,0
7,18,2026-01-01 02:50:00,560.4404603659133,0.2134807831796492,114.88636399894027,3016.9231742653424,0
7,19,2026-01-01 03:00:00,554.1703994199172,0.1591584589675031,118.32873816411194,2975.846162875183,0
7,20,2026-01-01 03:10:00,553.5323746208571,0.1333206835618104,115.69492793781238,2985.0383887799985,0
7,21,2026-01-01 03:20:00,557.9466912584878,0.10723481043303293,120.60293501919769,3004.668939158119,0
7,22,2026-01-01 03:30:00,552.5222534114379,0.1922987196593894,118.43720633113695,3003.482689968513,0
7,23,2026-01-01 03:40:00,553.4364478731022,0.23566531838845728,122.36449618265672,2981.4392957664536,0
7,24,2026-01-01 03:50:00,553.6851681997748,0.13405295805414663,117.5844151675262,2995.2644144829155,0
7,25,2026-01-01 04:00:00,554.9721723509932,0.19168494439483358,111.69569600552887,2976.232251688041,0
7,26,2026-01-01 04:10:00,555.3327893604919,0.11785125642066666,120.79291342112057,2971.4453268495954,0
7,27,2026-01-01 04:20:00,558.2962783608333,0.15244154149728278,118.79976468430108,2959.767347576693,0
7,28,2026-01-01 04:30:00,555.4014865227954,0.18724808365987985,119.02810147220706,2988.0010776250465,0
7,29,2026-01-01 04:40:00,558.8765536730117,0.10932773261649921,115.62748588173639,2988.7648445812715,0
7,30,2026-01-01 04:50:00,559.4802972165662,0.17973512986583512,117.46532429697248,2966.991864648298,0
7,31,2026-01-01 05:00:00,555.1568133407765,0.14905228510329752,117.84230950537336,2978.7153780607987,0
7,32,2026-01-01 05:10:00,559.8750568316055,0.20884259726776502,116.91211386682862,3013.642377438487,0
7,33,2026-01-01 05:20:00,560.3767860611198,0.1802358068836214,113.83739679847264,2990.2614589915565,0
7,34,2026-01-01 05:30:00,552.523313139087,0.22669667781327227,122.76187389243648,2958.722638820501,0
7,35,2026-01-01 05:40:00,558.9161571443362,0.18027015016286047,118.8145156185136,2986.4520056250226,0
7,36,2026-01-01 05:50:00,556.7460817975463,0.13936154557083463,117.90239258383671,2957.1593181791986,0
7,37,2026-01-01 06:00:00,562.4040929001809,0.1368486479872041,119.60736307876266,2926.3676436895266,0
7,38,2026-01-01 06:10:00,557.1746712400976,0.12250467608425347,118.18634360575115,2968.6734096877426,0
7,39,2026-01-01 06:20:00,554.935632166721,0.22678905466216717,115.46192077045285,2991.611287200017,0
7,40,2026-01-01 06:30:00,559.0942230193813,0.3064533433930005,119.2342593931864,2988.3086581820644,0
7,41,2026-01-01 06:40:00,556.7223483938251,0.22429467750739693,118.35749323764583,2972.189139781288,0
7,42,2026-01-01 06:50:00,562.1916129364707,0.27657575283119407,115.29285693680045,2957.5883445155373,0
7,43,2026-01-01 07:00:00,557.4466114829464,0.25791321484688773,118.06982525493744,2972.1947044423628,0
7,44,2026-01-01 07:10:00,560.0495214687617,0.19478092861794782,115.92702320095397,2960.0442300983977,0
7,45,2026-01-01 07:20:00,564.9690639345537,0.26913877418339843,116.74348701184212,2955.5604707429093,0
7,46,2026-01-01 07:30:00,563.8568103564384,0.2024625933474128,117.44419889301012,2978.3790126264203,0
7,47,2026-01-01 07:40:00,562.2243339363974,0.20640439242379674,118.90026070873238,2953.742116365566,0
7,48,2026-01-01 07:50:00,560.6376750256085,0.21962382049857423,114.78964068280712,2977.7248748777533,0
7,49,2026-01-01 08:00:00,562.3986893686333,0.2248020791069148,116.72992436130453,2951.1172105705427,0
7,50,2026-01-01 08:10:00,563.5465436949098,0.261054945124697,119.94981979940117,2990.061052791731,0
7,51,2026-01-01 08:20:00,558.7493765838229,0.21118254389214788,115.48463970182364,2933.7578303344985,0
7,52,2026-01-01 08:30:00,564.4927872419756,0.2770676513349059,116.1482155962155,2943.199480432595,0
7,53,2026-01-01 08:40:00,558.8632851892676,0.28004651050993024,119.70193033671109,2954.404177864696,0
7,54,2026-01-01 08:50:00,564.1153149887103,0.2623961756168131,116.8667916785921,2926.1577087991177,0
7,55,2026-01-01 09:00:00,559.3068798067593,0.32995067792697164,112.56224352331041,2916.5372486749993,0
7,56,2026-01-01 09:10:00,568.7455315872547,1.2441074852661522,113.8376161242627,2924.654600032055,0
7,57,2026-01-01 09:20:00,565.3767595686887,0.3027355481178062,116.7260972042411,2949.088049600437,0
7,58,2026-01-01 09:30:00,558.6482506942544,0.2664841191549912,116.11131593822992,2948.652411076228,0
7,59,2026-01-01 09:40:00,563.5431384886565,0.28186791748258555,115.50883320286539,2956.8317269123704,0
7,60,2026-01-01 09:50:00,562.2112440718278,0.29277653442355184,119.42448918265947,2948.0653859366203,0
7,61,2026-01-01 10:00:00,562.0859212514723,0.2764485429044528,113.78543385094851,2954.6968286003157,0
7,62,2026-01-01 10:10:00,564.6760044569562,0.2650584377475945,114.78994786334,2942.634508885465,0
7,63,2026-01-01 10:20:00,561.6803044652802,0.6468317140419777,110.93092243826639,2959.293664933504,0
7,64,2026-01-01 10:30:00,566.9782748459737,0.31731952931792917,117.09682998168357,2956.669752088419,0
7,65,2026-01-01 10:40:00,567.0374316487531,0.3346321702246886,113.09617294889524,2942.0383862123413,0
7,66,2026-01-01 10:50:00,566.2073355493158,0.250962576032777,116.72651843556105,2954.1176204996777,0
7,67,2026-01-01 11:00:00,565.3241394756019,0.3261148051308438,116.43467250777256,2942.4464334097497,0
7,68,2026-01-01 11:10:00,567.5916997557941,0.2828154010055748,119.1471781094123,2921.6549071874706,0
7,69,2026-01-01 11:20:00,568.2159932529278,0.29645138997152215,115.66589809183793,2957.2409190084945,0
7,70,2026-01-01 11:30:00,567.4361817816535,0.3682467476251464,113.57354103707408,2929.2549021581663,0
7,71,2026-01-01 11:40:00,562.3653983386225,0.2809624003181367,115.11132755264724,2955.448175653657,0
7,72,2026-01-01 11:50:00,564.1654539032909,0.2857409939083312,112.60394328393465,2946.084891377674,0
7,73,2026-01-01 12:00:00,,0.4025270897444605,114.67913668154843,2939.140328630049,0
7,74,2026-01-01 12:10:00,562.5624232248183,0.32948593697316353,113.55737866238464,2911.4369358029276,0
7,75,2026-01-01 12:20:00,567.8913971550967,0.3902121985730577,113.73687412106442,2961.8716935652983,0
7,76,2026-01-01 12:30:00,571.6819952138076,0.2815121104331316,111.99918539149182,2932.512475753158,0
7,77,2026-01-01 12:40:00,571.4336425288502,0.2898936243184067,114.31517783381126,2946.661310950191,0
7,78,2026-01-01 12:50:00,570.1270416973208,0.3193651848079335,115.28111311259663,2934.616918761683,0
7,79,2026-01-01 13:00:00,570.3208909036555,0.34193742483207024,110.24682681881981,2931.438674048197,0
7,80,2026-01-01 13:10:00,575.0132335316657,0.31044496262283844,112.09220244857177,2937.585995126975,0
7,81,2026-01-01 13:20:00,571.1285302720453,0.3867965362750259,113.72384944040135,2934.276135272036,0
7,82,2026-01-01 13:30:00,571.60343767261,0.394924374826238,108.61148916655276,2929.0563326371594,0
7,83,2026-01-01 13:40:00,564.7393783659712,0.3471985039618438,116.7050186633442,2931.415179580001,0
7,84,2026-01-01 13:50:00,573.2841706687832,0.35603156222844956,111.72063551375103,2937.834541272647,0
7,85,2026-01-01 14:00:00,570.7107981733657,0.36702322411199334,111.18504945227906,2938.0795325493336,0
7,86,2026-01-01 14:10:00,569.5055449228856,0.3536857009055861,112.56490728422112,2930.446276558506,0
7,87,2026-01-01 14:20:00,568.9915754237136,0.2903131563907209,113.1727048612699,2938.293646683951,0
7,88,2026-01-01 14:30:00,568.5582953226453,0.4086558638058505,111.30338073470757,2921.802218239476,0
7,89,2026-01-01 14:40:00,574.2040041044704,0.4008296601386915,114.69552120952888,2960.720234490457,0
7,90,2026-01-01 14:50:00,570.5781885183503,0.41097870598203085,113.45247430337224,2948.8144413650148,0
7,91,2026-01-01 15:00:00,569.3578214662464,0.3897574509963838,110.89694478421785,2937.1509306367598,0
7,92,2026-01-01 15:10:00,568.8078085654015,0.4688422239976642,111.4449856845226,2895.7742517761176,0
7,93,2026-01-01 15:20:00,571.863837199715,0.5396983999365333,109.37462387252548,2933.171919735886,0
7,94,2026-01-01 15:30:00,570.5028035404079,0.41564743458047826,109.81984882117523,2918.215749879518,0
7,95,2026-01-01 15:40:00,570.0479578322969,0.5113944469749705,113.0200946156084,2907.7687686206964,0
7,96,2026-01-01 15:50:00,567.8943484187042,0.4765360466299984,110.5095361939828,2916.2012123066525,0
7,97,2026-01-01 16:00:00,575.1484802417788,0.4698179826767118,115.6902015591594,2907.7988055216706,0
7,98,2026-01-01 16:10:00,572.0859301736507,0.46123509053748674,112.14184640061829,2927.6020464063927,0
7,99,2026-01-01 16:20:00,569.4738758656626,0.4783378183185037,109.2127204967308,2943.423584407836,0
7,100,2026-01-01 16:30:00,572.1454752494708,0.5343842939769496,109.55004012174243,2930.757778814377,0
7,101,2026-01-01 16:40:00,574.836171678101,0.44967928134516305,113.86104143017918,2958.988899020007,0
7,102,2026-01-01 16:50:00,573.5048899617487,0.4910717840650623,111.52044218253695,2893.43050743392,0
7,103,2026-01-01 17:00:00,574.2209404269853,0.5589692752849951,113.57582638780916,2908.3278467799023,0
7,104,2026-01-01 17:10:00,574.0051957943791,0.5553627485074674,110.77722812147653,2900.956662931192,0
7,105,2026-01-01 17:20:00,570.2765755278197,0.4781832971358678,110.30810724356441,2932.726239001112,0
7,106,2026-01-01 17:30:00,577.1822603236682,0.5229233136434438,113.58583351757898,2910.161132400424,0
7,107,2026-01-01 17:40:00,569.4415880494665,0.5665552368621325,109.54815136839179,2915.4958041716486,0
7,108,2026-01-01 17:50:00,576.1805280911813,0.5712476620489787,112.16178173612848,2921.3420176734735,0
7,109,2026-01-01 18:00:00,576.872222968568,0.5910592125865078,110.6784735955238,2889.1985754052143,0
7,110,2026-01-01 18:10:00,574.5955709294789,0.5748362418573875,112.77785499001685,2900.883847184578,0
7,111,2026-01-01 18:20:00,576.5449614489677,0.5890215869777239,114.57574348527568,2924.3467444075095,0
7,112,2026-01-01 18:30:00,574.882879306565,0.5882016527954537,110.07278749074084,2900.3501100638096,0
7,113,2026-01-01 18:40:00,577.0403631602937,0.6452931340132356,109.68122592648872,2882.050457504786,0
7,114,2026-01-01 18:50:00,579.1522370183118,0.5729130588619017,112.02549432909512,2893.4048321949404,0
7,115,2026-01-01 19:00:00,574.0266819453337,0.5994625278172673,108.44823770755305,2901.8284281755127,0
7,116,2026-01-01 19:10:00,578.6545476380813,0.5647531834003362,113.76354316059802,2907.807530247321,0
7,117,2026-01-01 19:20:00,581.9394389051234,0.5647558015477319,113.34102469194968,2903.4275962691095,0
7,118,2026-01-01 19:30:00,577.8855325222969,0.6341873559223853,108.36910766045465,2894.4602017586108,0
7,119,2026-01-01 19:40:00,575.8121158981643,0.6002417330357952,107.11946464690048,2916.94684443987,0
7,120,2026-01-01 19:50:00,584.3407189254199,0.6349895354842724,107.88292732694062,2900.104902278102,0
7,121,2026-01-01 20:00:00,578.0467309620323,0.7101623880811099,107.8317096996736,2904.365510225887,0
7,122,2026-01-01 20:10:00,578.7047937930413,0.7160730599483074,111.64433745524057,2891.9938236044795,0
7,123,2026-01-01 20:20:00,578.9969185469681,0.750928159327457,113.0575243050282,2922.225940698297,0
7,124,2026-01-01 20:30:00,579.8129777378999,0.7358309649756983,111.45780344564581,2892.9010436259787,0
7,125,2026-01-01 20:40:00,577.6823547554898,0.7748717689042393,109.32353393411402,2899.079576672368,0
7,126,2026-01-01 20:50:00,579.498544010684,0.7047060846716862,110.39928264810654,2912.6678487747604,0
7,127,2026-01-01 21:00:00,582.0147144956164,0.6596856115130422,107.89309699561441,2900.527164528144,0
7,128,2026-01-01 21:10:00,578.2675520383366,0.6644199490323258,111.74543649929173,2899.336549528195,0
7,129,2026-01-01 21:20:00,,0.7689857732356035,110.33344563506711,2865.089044910071,0
7,130,2026-01-01 21:30:00,578.9706853491043,0.7239621863098346,110.93415066607373,2904.0870760458165,0
7,131,2026-01-01 21:40:00,576.7832121582924,0.7357746442240114,107.85105104526004,2893.8950285929986,0
7,132,2026-01-01 21:50:00,578.2576040634249,0.717666477598049,108.88729542218108,2900.368374506772,0
7,133,2026-01-01 22:00:00,578.3649745147941,0.7314299811895391,110.59300342281955,2894.1767671541043,0
7,134,2026-01-01 22:10:00,580.7637385514449,0.7729826081591736,111.94825028884316,2882.224881541116,0
7,135,2026-01-01 22:20:00,583.5033349263009,0.7245262748889996,107.76339231783753,2903.210525865591,0
7,136,2026-01-01 22:30:00,585.5856320865568,0.7861914111854268,110.4588629980151,2891.9514910059333,0
7,137,2026-01-01 22:40:00,581.6256474842286,0.8455874185509279,107.39218293739168,2868.822467940479,0
7,138,2026-01-01 22:50:00,583.0530827236738,0.7091047954048676,112.96908142320424,2906.974696120703,0
7,139,2026-01-01 23:00:00,582.6434467238455,0.7421714524071112,107.82341180794474,2865.073418779086,0
7,140,2026-01-01 23:10:00,575.8625402772371,0.8402897045825714,109.85843891953279,2899.228224228044,0
7,141,2026-01-01 23:20:00,578.928776244011,0.8773330797944144,108.82101514883462,2907.2019357626264,0
7,142,2026-01-01 23:30:00,584.8858336898207,0.8127553945012017,113.6187695080271,2867.487201113612,0
7,143,2026-01-01 23:40:00,585.40708816882,0.7620658980970939,108.78633382829402,2881.423879321381,0
7,144,2026-01-01 23:50:00,585.5680485651558,0.90898458878187,107.21478591320341,2879.209755899824,0
7,145,2026-01-02 00:00:00,582.7573803731404,0.8290447950063011,109.44227833134858,2879.0680857335115,0
7,146,2026-01-02 00:10:00,,0.8568850067576979,109.31611438661197,2908.269901859108,0
7,147,2026-01-02 00:20:00,580.6644250429625,0.8940117948927911,107.68506027248212,2863.5792169062433,0
7,148,2026-01-02 00:30:00,581.3530682997932,0.8645754847820453,105.72883561848256,2874.5851677962028,0
7,149,2026-01-02 00:40:00,586.0954894107415,0.8662381303639413,106.78073697109683,2900.917184421102,0
7,150,2026-01-02 00:50:00,583.3666622209543,0.8770894916726967,109.51809993710616,2872.706787983076,0
7,151,2026-01-02 01:00:00,589.73956887133,0.9959045018706768,104.17857149528717,2862.6979981395534,0
7,152,2026-01-02 01:10:00,589.3008741972558,0.9782254431621675,107.09574493592245,2879.863587573485,0
7,153,2026-01-02 01:20:00,590.1486463590708,0.9651428135747081,109.49993192526621,2887.186648941932,0
7,154,2026-01-02 01:30:00,582.6076038762133,0.8650936913787807,107.24157899057134,2868.3930997334896,0
7,155,2026-01-02 01:40:00,587.0594083303023,0.9861352768018072,111.6943590546157,2881.7849136172154,0
7,156,2026-01-02 01:50:00,584.3837542637987,0.9944998700606603,103.77600564185167,2852.003834813371,0
7,157,2026-01-02 02:00:00,587.0295338220468,0.9329984769748506,105.26093773154889,2852.0213284425986,0
7,158,2026-01-02 02:10:00,583.8586689758498,1.0051318289124644,102.47277321182096,2864.419113959476,0
7,159,2026-01-02 02:20:00,590.1835711434708,1.04757042454839,111.0077892967559,2879.054342932529,0
7,160,2026-01-02 02:30:00,584.3738992269394,1.0390803426996027,105.04880120870082,2880.810224816817,0
7,161,2026-01-02 02:40:00,581.1225686402723,0.9999615912789297,102.8833002336862,2850.8411878595575,0
7,162,2026-01-02 02:50:00,593.2952199982499,1.0386292945946625,105.55167157523076,2878.621412611805,0
7,163,2026-01-02 03:00:00,588.7509594264588,1.0783110077769942,103.90825933464346,2869.436381116726,0
7,164,2026-01-02 03:10:00,584.4456809312354,1.0625405136885728,105.40267511734838,2852.934378562822,0
7,165,2026-01-02 03:20:00,587.395839716017,1.1214672098083407,106.61307074678776,2845.2932971686346,0
7,166,2026-01-02 03:30:00,586.3816736138085,1.0983241385751457,108.05882179993094,2867.937143241932,1
7,167,2026-01-02 03:40:00,588.3590610751072,1.123882525103808,106.01800905855363,2883.0169177502366,1
7,168,2026-01-02 03:50:00,590.979771079173,1.1379580666959968,106.33629568438364,2863.389979318812,1
7,169,2026-01-02 04:00:00,590.7383576868741,1.0738388351414014,105.0408911865128,2848.017003585437,1
7,170,2026-01-02 04:10:00,589.7917993064235,1.1299773672784905,103.09905252509252,2833.2041554897273,1
7,171,2026-01-02 04:20:00,589.2759634215612,1.1262232096473297,102.34773584059882,2883.3505259686353,1
7,172,2026-01-02 04:30:00,592.7258081909514,1.1928783712375142,105.23021211279666,2875.2195958894904,1
7,173,2026-01-02 04:40:00,583.9430131000913,1.1813286763038129,106.04683057749459,2863.3066629356554,1
7,174,2026-01-02 04:50:00,587.7021815120554,1.1670133590751266,104.91868932489444,2880.1290931824515,1
7,175,2026-01-02 05:00:00,587.2425829288029,1.13507798467862,102.09563172856302,2860.501643639161,1
7,176,2026-01-02 05:10:00,593.4269365843148,1.134353570921759,106.03545324776083,2848.3609763529794,1
7,177,2026-01-02 05:20:00,588.4204772550054,1.2225891525279104,108.8096301739719,2863.837187757386,1
7,178,2026-01-02 05:30:00,587.0094807619042,1.1935001642975838,105.24009472807975,2842.2479924070035,1
7,179,2026-01-02 05:40:00,592.744921413861,1.2609146339008988,104.22869394688865,2838.9428337526106,1
7,180,2026-01-02 05:50:00,588.6002878695158,1.1806925484973259,105.18513436849256,2864.635331133905,1
7,181,2026-01-02 06:00:00,590.5039430014546,1.3223524710853733,103.01573010679213,2865.081279472645,1
7,182,2026-01-02 06:10:00,598.9291459883594,1.2974729309442057,102.80505888426484,2832.3224972212606,1
7,183,2026-01-02 06:20:00,594.3767217844594,1.2872373952692464,105.9640526659852,2832.060279661331,1
7,184,2026-01-02 06:30:00,591.6117761369396,1.3630116535827232,106.96023489479936,2843.120172962852,1
7,185,2026-01-02 06:40:00,592.1111054180858,1.3461129980852136,104.60376247928463,2838.3100193390396,1
7,186,2026-01-02 06:50:00,595.4265443913174,1.3017308158947185,100.86879643538072,2855.310596753603,1
7,187,2026-01-02 07:00:00,594.9222847597016,1.336456342686843,105.44139173062253,2848.067686341994,1
7,188,2026-01-02 07:10:00,593.3900637744753,1.267472343292708,108.78782556516468,2864.004206109447,1
7,189,2026-01-02 07:20:00,593.7035369695753,1.4013686328301174,104.083632244532,2850.4731515927956,1
7,190,2026-01-02 07:30:00,589.1829035382779,1.3597883385446374,104.1341043675605,2835.229306738598,1
7,191,2026-01-02 07:40:00,588.7820091661197,1.3054304772441683,102.66289620507824,2815.7146997247646,1
7,192,2026-01-02 07:50:00,593.5511658257407,1.3502066738000666,105.28923860803171,2845.9571458866067,1
7,193,2026-01-02 08:00:00,592.4113689337574,1.4453451241703794,102.90293103019445,2816.7940579382926,1
7,194,2026-01-02 08:10:00,596.2990534295517,1.4881568566231038,106.20626910145964,2831.778324507412,1
7,195,2026-01-02 08:20:00,595.3619473946821,1.4375855547009135,102.7664715600909,2829.990424859162,1
7,196,2026-01-02 08:30:00,592.6816768195168,1.4107179463202841,104.68358293623793,2832.3735932767486,1
8,1,2026-01-01 00:00:00,554.9575697602126,0.5494739639776909,114.23473443224388,2990.732958870045,0
8,2,2026-01-01 00:10:00,545.4491298853619,,122.11793471711577,2988.7419399459127,0
8,3,2026-01-01 00:20:00,550.424193654742,0.19895752286488352,115.41988495868546,3001.2644704185777,0
8,4,2026-01-01 00:30:00,548.6033587787252,0.15459392400911767,119.30560940450296,2997.865777687347,0
8,5,2026-01-01 00:40:00,556.9177004471915,0.10983095504807007,122.15208624912256,3006.6383536337403,0
8,6,2026-01-01 00:50:00,553.4933072304084,0.11862632937344382,123.81459434847169,3013.4861591210033,0
8,7,2026-01-01 01:00:00,550.0332009493605,0.22300478533333729,118.56949775689957,2982.5847917786214,0
8,8,2026-01-01 01:10:00,551.4250050754351,0.1599105847830884,116.32907038622494,3004.8674536010476,0
8,9,2026-01-01 01:20:00,558.1309419332623,0.22401133452130892,121.67543607417743,2974.746303711018,0
8,10,2026-01-01 01:30:00,549.9913617840552,0.1750863943929048,120.72402379206441,3021.043787160288,0
8,11,2026-01-01 01:40:00,547.8198630304781,0.18637148948777083,117.91509718184933,2977.136256812988,0
8,12,2026-01-01 01:50:00,554.2692470024858,0.19495371503044484,117.56097791377027,2998.2839868482383,0
8,13,2026-01-01 02:00:00,554.6201663852423,0.38099120575913026,117.25703957205221,2970.6096339125406,0
8,14,2026-01-01 02:10:00,555.9603678711129,0.17235674524519562,117.90202189708418,2983.6305863933326,0
8,15,2026-01-01 02:20:00,556.2631603014837,0.11208999766570261,119.12270232253911,3008.091657509661,0
8,16,2026-01-01 02:30:00,559.8404188389939,0.15176754231764536,117.2579079414447,2971.6338087893914,0
8,17,2026-01-01 02:40:00,549.6569082835889,0.19046774822329313,117.41014762497615,3015.9558742792997,0
8,18,2026-01-01 02:50:00,551.4859300387055,0.12564737773576845,119.47123728410416,2981.8076584961946,0
8,19,2026-01-01 03:00:00,557.3639684924046,0.19093684094993724,115.12322203234766,2995.516191214394,0
8,20,2026-01-01 03:10:00,552.3435008533472,0.11063404719502898,117.23554994382064,2985.918382439032,0
8,21,2026-01-01 03:20:00,,0.21840990225002557,114.534910414632,2985.7235255122473,0
8,22,2026-01-01 03:30:00,561.8239487511954,0.14831076871831764,118.00298846871837,2956.469929462979,0
8,23,2026-01-01 03:40:00,551.6496075672712,0.1361175497778172,113.80672377491122,2969.762554017279,0
8,24,2026-01-01 03:50:00,555.7386367188568,0.12220484488403066,119.36492591403022,2993.788703541029,0
8,25,2026-01-01 04:00:00,556.8973693444191,0.1589646070203412,114.85500193797574,2969.6779492690475,0
8,26,2026-01-01 04:10:00,561.2859004919276,0.10845681089881752,113.83849066801922,2975.9189592281887,0
8,27,2026-01-01 04:20:00,552.0351002591149,0.16555068448906657,116.5557922761213,2949.618856753708,0
8,28,2026-01-01 04:30:00,559.1709537564055,0.2342943419761016,120.60460452046102,2963.760245256058,0
8,29,2026-01-01 04:40:00,555.536415995031,0.18569745191563192,118.50414591313246,2987.663199527365,0
8,30,2026-01-01 04:50:00,560.3733996755133,0.14917907024447485,113.13650386456376,2950.571879275813,0
8,31,2026-01-01 05:00:00,556.0531617275799,0.20846709055207632,114.19425260936501,2979.5612170014833,0
8,32,2026-01-01 05:10:00,563.7735225421422,0.2081719759659721,115.98867346734507,2970.4654142171394,0
8,33,2026-01-01 05:20:00,556.6367125862307,0.28426297450912463,121.15595160656059,2963.253120539841,0
8,34,2026-01-01 05:30:00,552.2367023917642,0.24107269185510066,114.70070805626352,2961.587295387182,0
8,35,2026-01-01 05:40:00,557.5391126281346,0.225215895341255,114.61621693397726,2957.4144287426666,0
8,36,2026-01-01 05:50:00,559.4047789135763,0.25284559536264817,119.4322172643264,2957.7440203248057,0
8,37,2026-01-01 06:00:00,563.7187597326945,0.2150214979080572,116.66654397027318,2976.7133989696517,0
8,38,2026-01-01 06:10:00,556.9794724894374,0.2212368646390734,118.2821006835283,2955.2803490756364,0
8,39,2026-01-01 06:20:00,557.3217974677144,0.294570499285714,114.62127261776128,2987.8685718140164,0
8,40,2026-01-01 06:30:00,564.202488428108,0.16685206538199981,115.7715710718375,2964.2414152186043,0
8,41,2026-01-01 06:40:00,557.478098231019,0.275158230319554,118.50547756085449,2950.098209429356,0
8,42,2026-01-01 06:50:00,561.349842128655,0.23627677813874032,115.48390315218877,2972.336338343888,0
8,43,2026-01-01 07:00:00,561.6938577703477,0.23341973172152053,117.91906236989568,2966.0879988945762,0
8,44,2026-01-01 07:10:00,563.1055687977082,0.22743718666237767,116.34686164489422,2930.9106238368367,0
8,45,2026-01-01 07:20:00,560.486304425456,0.2602765443042336,113.39243995636971,2939.1999107768124,0
8,46,2026-01-01 07:30:00,560.2378847645047,0.25706780832608767,115.33843475769788,2951.979387305863,0
8,47,2026-01-01 07:40:00,564.3065701177097,0.2470031390548721,117.2332082361224,2928.9502834994205,0
8,48,2026-01-01 07:50:00,560.896918100868,0.24037001629002958,116.50864370312848,2983.056061737121,0
8,49,2026-01-01 08:00:00,559.7880169579444,0.19725104360047133,114.98867659309545,2963.0253066299615,0
8,50,2026-01-01 08:10:00,567.8343433597815,0.24960289156132343,111.18512468117649,2949.485541885648,0
8,51,2026-01-01 08:20:00,565.8982484082885,0.2632568591549011,111.27594156548246,2943.5386469788195,0
8,52,2026-01-01 08:30:00,570.0194883193715,0.29509437559503177,111.60068441823005,2938.678001159458,0
8,53,2026-01-01 08:40:00,567.3519029536509,0.3729678798317046,113.64578225313358,2917.206184297103,0
8,54,2026-01-01 08:50:00,561.47858791303,0.27530835247306235,113.81180198846215,2919.667272583806,0
8,55,2026-01-01 09:00:00,565.855145456029,0.26460236586593533,111.5145860028434,2973.1708990193283,0
8,56,2026-01-01 09:10:00,562.8021718396188,0.2826796001989896,116.40980546160587,2967.251793330627,0
8,57,2026-01-01 09:20:00,561.1772466815434,0.32320392242355767,111.73661278895514,2934.004843110102,0
8,58,2026-01-01 09:30:00,565.0734961604127,0.34652908201275195,111.4224039284446,2955.2552074685227,0
8,59,2026-01-01 09:40:00,569.6427118334445,0.35813384807817905,114.2393645895329,2948.2252424425656,0
8,60,2026-01-01 09:50:00,567.8058702078342,0.3682275794523326,115.91007439092985,2948.9869608591666,0
8,61,2026-01-01 10:00:00,563.0914685496199,0.3801105470280738,117.97134445975212,2917.2386857337474,0
8,62,2026-01-01 10:10:00,566.1001450856825,0.33651088605836926,114.92609639831453,2910.4873940551292,0
8,63,2026-01-01 10:20:00,567.4015889232194,0.4362195909737138,116.8200367959378,2954.342688970954,0
8,64,2026-01-01 10:30:00,563.0458701852573,0.34643383887755275,111.13563512421983,2905.908009731177,0
8,65,2026-01-01 10:40:00,570.5357435108402,0.37163164291044587,117.77859801817735,2932.3682918478157,0
8,66,2026-01-01 10:50:00,567.9930402042426,0.4258273868936916,109.63552166492676,2928.0693707671107,0
8,67,2026-01-01 11:00:00,564.7904795681472,0.40349043334133733,112.25018312744476,2925.676351927055,0
8,68,2026-01-01 11:10:00,564.9037622376447,0.29814153469302823,114.27853774356007,2936.289089378385,0
8,69,2026-01-01 11:20:00,572.8302937215573,0.3950456539309913,109.84616974219303,2920.4021512891723,0
8,70,2026-01-01 11:30:00,568.6688816582799,0.43644647126082425,111.10187465891663,2935.495780364649,0
8,71,2026-01-01 11:40:00,573.6653957095108,0.3554795741674985,110.68350085337042,2930.6707903398647,0
8,72,2026-01-01 11:50:00,575.0938249302742,0.44659944551822467,112.1342749666326,2959.028155122077,0
8,73,2026-01-01 12:00:00,573.7277221770584,0.4396340837110559,115.49725376365981,2905.759739625873,0
8,74,2026-01-01 12:10:00,569.3431009865626,0.47894378189509373,112.58710925207247,2925.9736259535407,0
8,75,2026-01-01 12:20:00,563.7328737356378,0.41157159011108235,111.52670230021121,2930.998478384959,0
8,76,2026-01-01 12:30:00,572.4484228758686,0.48684930412485544,106.58355252350523,2919.675974245632,0
8,77,2026-01-01 12:40:00,578.0671819395244,0.4612654659270447,113.18508273672118,2902.4595966521224,0
8,78,2026-01-01 12:50:00,571.9693014635917,0.5334935607558972,113.73097421418277,2940.365975672092,0
8,79,2026-01-01 13:00:00,566.3890440096403,0.5823668027022012,108.65027492978838,2925.5571596062487,0
8,80,2026-01-01 13:10:00,570.6168739446719,0.540634123380701,111.81574081514616,2900.4934046520134,0
8,81,2026-01-01 13:20:00,572.3733284775864,0.506600597604927,112.23507298443768,2925.0705854761095,0
8,82,2026-01-01 13:30:00,569.9135814675519,0.5886017990181377,113.67763118756336,2943.007767780353,0
8,83,2026-01-01 13:40:00,565.7987041337963,0.5283853935705206,110.19826182564742,2915.933248420145,0
8,84,2026-01-01 13:50:00,573.480032595015,0.47651592012410066,109.79644908915117,2915.438508071149,0
8,85,2026-01-01 14:00:00,571.7019750345121,0.5199531371812147,110.53354628356642,2937.9854842706814,0
8,86,2026-01-01 14:10:00,579.6576976242092,0.5607841217384184,113.9147860552403,2898.9033597705866,0
8,87,2026-01-01 14:20:00,574.9257419733823,0.57225140937183,113.33297390321326,2938.36611082799,0
8,88,2026-01-01 14:30:00,576.3143970680536,0.5032015004481983,111.10196348370549,2926.0402069360266,0
8,89,2026-01-01 14:40:00,574.8314208147948,0.5135725015086634,113.0835782116093,2896.576967112627,0
8,90,2026-01-01 14:50:00,575.7528980227291,0.5528659400782704,106.20601381271078,2899.4099272664894,0
8,91,2026-01-01 15:00:00,570.7978191160457,0.5972074634575941,112.42607570778453,2900.5554804507406,0
8,92,2026-01-01 15:10:00,572.9172369333927,0.6117384499402939,108.50460603915218,2879.9179204379925,0
8,93,2026-01-01 15:20:00,579.5865988209392,0.6004012259681083,114.175558422754,2910.322170575686,0
8,94,2026-01-01 15:30:00,577.2321594940962,0.5709877887550973,108.4123910792782,2892.2245999827287,0
8,95,2026-01-01 15:40:00,575.6912716991826,0.6835614169415307,108.73472724185976,2908.85078554474,0
8,96,2026-01-01 15:50:00,578.6283250451523,0.5810229819050609,111.4644701017718,2884.0320776602157,0
8,97,2026-01-01 16:00:00,,0.685923383364025,111.5569019802539,2916.235135660336,0
8,98,2026-01-01 16:10:00,583.7085329554365,,109.24570062233984,2912.4480367506994,0
8,99,2026-01-01 16:20:00,578.5080669561851,0.7052004762061329,110.78054391790266,2889.789173279663,0
8,100,2026-01-01 16:30:00,575.1143640659219,0.6464428336246442,110.92786654889596,2904.7658065506216,0
8,101,2026-01-01 16:40:00,578.2378162116303,0.6688498227413581,110.62270729953745,2899.6085882638577,0
8,102,2026-01-01 16:50:00,580.6906214096659,0.6871963623126016,108.92673922148698,2919.592982858331,0
8,103,2026-01-01 17:00:00,582.1379204305126,0.6764802629868012,110.64564217395754,2880.8650167394385,0
8,104,2026-01-01 17:10:00,574.5888666477673,0.7151908689732361,112.34733200500155,2893.0614422722733,0
8,105,2026-01-01 17:20:00,580.478101290551,0.7800913105319192,106.9829853057133,2884.729368090893,0
8,106,2026-01-01 17:30:00,577.3082352175056,0.6759044238910589,107.65321326224972,2894.005606289836,0
8,107,2026-01-01 17:40:00,578.5831230940662,0.7124421989711095,109.28721566723688,2900.326148066911,0
8,108,2026-01-01 17:50:00,583.1035566085792,0.7191565881061462,107.01962739036205,2881.5436440458757,0
8,109,2026-01-01 18:00:00,583.0878022220693,0.7571682479568664,105.42463907242599,2884.8528720879667,0
8,110,2026-01-01 18:10:00,579.0976180881055,0.7667853493041337,111.1170635618268,2903.798788071489,0
8,111,2026-01-01 18:20:00,580.9415682765024,0.8144632490949653,104.37261214719278,2908.66175672135,0
8,112,2026-01-01 18:30:00,580.0898678221846,0.7963866995213089,107.924794353379,2894.6983380123197,0
8,113,2026-01-01 18:40:00,590.656241045342,0.818723060193411,110.1468194571274,2884.2198616949536,0
8,114,2026-01-01 18:50:00,583.0992254427323,0.8342184486983725,109.06170146579659,2881.786565052367,0
8,115,2026-01-01 19:00:00,580.0287250375023,,107.65317422401694,2892.4986244906577,0
8,116,2026-01-01 19:10:00,586.7966901179087,0.8700671769419079,106.13216487208732,2886.6869452726455,0
8,117,2026-01-01 19:20:00,587.1855916442197,0.8490230490507529,108.9141507206355,2857.5295133750265,0
8,118,2026-01-01 19:30:00,588.771238546665,0.9318548940645892,106.14899728658827,2889.8436401198387,0
8,119,2026-01-01 19:40:00,589.9432263305491,0.979851970008936,108.55702240534093,2867.3430254857053,0
8,120,2026-01-01 19:50:00,586.0854087995418,0.9187262770825305,108.2063635983563,2857.9912368917335,0
8,121,2026-01-01 20:00:00,583.1957277875335,0.9119893906249418,108.12596518917945,2853.213820389061,0
8,122,2026-01-01 20:10:00,583.9204515839795,0.9403485864670691,106.44263292189274,2873.991138834766,0
8,123,2026-01-01 20:20:00,583.9350948498974,0.8839223647099019,111.69265972810354,2860.9785496616005,0
8,124,2026-01-01 20:30:00,583.8830735211045,0.9478691449278007,108.2384258463571,2840.3247023900753,0
8,125,2026-01-01 20:40:00,589.0971689124318,0.9242160240682447,106.86396579935943,2868.8370038754356,0
8,126,2026-01-01 20:50:00,585.6625400792985,0.9867750111858753,107.84929586310474,2865.848984646523,0
8,127,2026-01-01 21:00:00,588.8576618208637,0.9503313323603177,105.6712024983149,2869.9527411417594,0
8,128,2026-01-01 21:10:00,588.2559647586826,0.9787072210812575,106.3468878583901,2861.7614992428234,0
8,129,2026-01-01 21:20:00,583.213469072898,0.9308349409239696,111.80270778876735,2897.628624198192,1
8,130,2026-01-01 21:30:00,581.6409228206019,0.9721022518293311,105.38347738082606,2876.9424493573615,1
8,131,2026-01-01 21:40:00,583.365482798058,1.0466481778600945,106.66206466236424,2860.6819007746085,1
8,132,2026-01-01 21:50:00,586.0783714628453,1.0112233729583986,105.80477143257595,2866.2154087590443,1
8,133,2026-01-01 22:00:00,588.0444937347659,1.1021550098241102,104.5370843156083,2887.383162025009,1
8,134,2026-01-01 22:10:00,585.9796273198536,1.0351781653507743,107.35789325087985,2879.5065748804345,1
8,135,2026-01-01 22:20:00,590.3167426100346,1.1052964313864255,106.48803869293106,2843.207766180601,1
8,136,2026-01-01 22:30:00,586.9075104544851,1.0706265926568808,108.13652002680489,2848.530295675651,1
8,137,2026-01-01 22:40:00,589.5444572202123,1.1305586193309165,107.83499231864744,2850.4106616695244,1
8,138,2026-01-01 22:50:00,589.4093488155706,1.0678893897126631,107.9146229852538,2854.536576207661,1
8,139,2026-01-01 23:00:00,594.5429219168716,1.1253974624312475,104.17617187065021,2851.1944381203816,1
8,140,2026-01-01 23:10:00,586.6969187341331,1.12402299265795,107.19387128394078,2859.6296356782623,1
8,141,2026-01-01 23:20:00,596.5309176508226,1.2076504137279163,107.14186376729717,2869.149027212453,1
8,142,2026-01-01 23:30:00,588.4056296870641,1.2053640399728915,103.66856582748565,2870.646822579731,1
8,143,2026-01-01 23:40:00,586.4515274421252,1.1522257739223385,104.97283040862729,2851.198668787328,1
8,144,2026-01-01 23:50:00,590.1039720098524,1.2081597053874256,102.59720976930622,2830.5739368413256,1
8,145,2026-01-02 00:00:00,600.7581532949671,1.2002551839217184,106.74805029620711,2838.481901186389,1
8,146,2026-01-02 00:10:00,594.006370422037,1.2841219921968128,106.63822103951688,2845.285139161839,1
8,147,2026-01-02 00:20:00,593.4126658952295,1.3120393211927366,108.06827276804803,2833.399954809343,1
8,148,2026-01-02 00:30:00,594.2723530377547,1.2186820443037225,104.64932122336502,2868.182067190461,1
8,149,2026-01-02 00:40:00,589.8610309272477,1.3246883080500584,105.90922848130369,2832.36977720305,1
8,150,2026-01-02 00:50:00,593.4309633177769,1.2740635292482034,106.8811305794091,2858.312549444613,1
8,151,2026-01-02 01:00:00,592.7433559575552,1.31235672808652,103.2972483894315,2822.822109140071,1
8,152,2026-01-02 01:10:00,598.4460681704616,1.3393444391675806,102.89247223308787,2856.9020416766734,1
8,153,2026-01-02 01:20:00,592.9758236426928,1.4264022315902787,103.15800318275333,2843.948705249043,1
8,154,2026-01-02 01:30:00,592.4500760266451,1.3293705550428103,103.8045537176776,2867.719407075419,1
8,155,2026-01-02 01:40:00,590.3735263361945,1.418803936138832,102.66140701197813,2827.0517181345094,1
8,156,2026-01-02 01:50:00,594.5709868568533,1.3545460180484379,102.94223137253039,2834.5571459153543,1
8,157,2026-01-02 02:00:00,595.3128177647075,1.367877542156784,105.9630881997017,2836.4560895951954,1
8,158,2026-01-02 02:10:00,591.112216567654,1.4348377586954386,103.90793566782902,2838.7187882559215,1
8,159,2026-01-02 02:20:00,596.3594908121818,1.450869179639589,104.61339674731887,2834.8102875364625,1
9,1,2026-01-01 00:00:00,547.9576514795665,0.13205310601375492,117.40027153057854,3003.617607839797,0
9,2,2026-01-01 00:10:00,554.7676998414393,0.14050769606815333,116.3681761229662,2986.191550417673,0
9,3,2026-01-01 00:20:00,551.9246096737529,0.19561841095715038,119.65346355724823,2991.788611052179,0
9,4,2026-01-01 00:30:00,549.3043750148494,0.06607275277737075,119.33181455138013,3009.258635069875,0
9,5,2026-01-01 00:40:00,550.1225261357497,0.16438022542805,120.82479902398688,2982.9418516904475,0
9,6,2026-01-01 00:50:00,549.93268410985,0.1390530837286939,120.40447321122764,3009.5482026498785,0
9,7,2026-01-01 01:00:00,549.2609447522306,0.1818073219588329,119.126318152568,2984.0966768724547,0
9,8,2026-01-01 01:10:00,551.1573820308233,0.17481045944595827,121.17756639738107,2977.061579573793,0
9,9,2026-01-01 01:20:00,554.0327327059418,0.12759764269084886,117.6019934672731,2982.2752433562428,0
9,10,2026-01-01 01:30:00,553.429592082501,0.13643503594631662,119.27208244746286,2964.2449425717723,0
9,11,2026-01-01 01:40:00,552.2465002699903,0.06606238352671859,116.30239849201165,2954.7494747791384,0
9,12,2026-01-01 01:50:00,558.3714144927227,0.1896885994263581,118.53444848362058,2984.9490195198996,0
9,13,2026-01-01 02:00:00,548.1767326718863,0.1709619998498395,115.58133384522209,2984.026503047868,0
9,14,2026-01-01 02:10:00,555.4507818461865,0.2191282174208013,116.15680211468049,2987.731818854381,0
9,15,2026-01-01 02:20:00,554.4278373434609,,121.69228496994387,2981.4217001787565,0
9,16,2026-01-01 02:30:00,552.2693124257185,0.20379820523193934,114.50919824558382,3016.521530674537,0
9,17,2026-01-01 02:40:00,556.5969601596653,0.12664812147125978,117.60986207679638,2982.9577948253495,0
9,18,2026-01-01 02:50:00,555.1680934924129,0.06360852195138332,119.58248779940617,2958.6336326978194,0
9,19,2026-01-01 03:00:00,559.8922995353323,,122.25566080366663,2961.330773567339,0
9,20,2026-01-01 03:10:00,559.0790158711193,0.1542464506197826,118.0519918101508,2976.982987306418,0
9,21,2026-01-01 03:20:00,562.5169533602011,0.13763952017475994,118.05117406507503,2969.2959388661193,0
9,22,2026-01-01 03:30:00,555.6723483667314,0.21848981793396804,117.54699666277608,2956.2490605353537,0
9,23,2026-01-01 03:40:00,561.6357066347101,0.23392326272870984,119.46698679497983,2972.642458616622,0
9,24,2026-01-01 03:50:00,554.2722198686156,0.19297260915817566,118.10081720241824,2971.710737278689,0
9,25,2026-01-01 04:00:00,557.7616156820294,0.1847519259994978,115.97212658468762,2995.1584275851847,0
9,26,2026-01-01 04:10:00,557.0215250291476,0.19799252314511803,119.23821762746178,2956.3305968392115,0
9,27,2026-01-01 04:20:00,560.5483434329728,0.17293320644186624,115.9677048992396,2962.65494622073,0
9,28,2026-01-01 04:30:00,560.7995755961696,0.2252547307480672,113.57998617709819,2991.659030009096,0
9,29,2026-01-01 04:40:00,556.6866304289492,0.14501121858159483,113.47122142072597,2971.5474981549305,0
9,30,2026-01-01 04:50:00,,0.16763274671207545,116.14462629707869,2951.63830498649,0
9,31,2026-01-01 05:00:00,558.8945039744899,0.18300976822235138,116.63773780780177,2953.595563994926,0
9,32,2026-01-01 05:10:00,557.9093201503607,0.24055334254333446,118.22780530868741,2944.9530863003797,0
9,33,2026-01-01 05:20:00,560.648109150983,0.21117301065590288,117.48307167248306,2963.1734779043136,0
9,34,2026-01-01 05:30:00,556.5766617605168,0.2821962689634244,116.24603282566449,2976.330709125053,0
9,35,2026-01-01 05:40:00,564.1248543017649,,117.99424400444744,2984.1757493503123,0
9,36,2026-01-01 05:50:00,561.4878138276677,0.20515672844047392,115.88159092117557,2936.266925115115,0
9,37,2026-01-01 06:00:00,561.877180400793,0.26745084112891,113.16003512868471,2970.446830497196,0
9,38,2026-01-01 06:10:00,562.0406583921218,0.2308302510409914,112.60899463662042,2958.7236847727636,0
9,39,2026-01-01 06:20:00,567.566449540651,0.27126664322624705,118.06816678211779,2951.1789581965136,0
9,40,2026-01-01 06:30:00,567.5062733542592,0.2917257698313334,110.90522387043329,2947.696763934184,0
9,41,2026-01-01 06:40:00,567.3256645751616,0.30769349582655864,114.87909422815001,2923.9917778572626,0
9,42,2026-01-01 06:50:00,563.3419973693817,0.2767703716181117,121.12905461340932,2961.2246556950167,0
9,43,2026-01-01 07:00:00,560.5739885718828,0.33841362195845826,115.96882660085122,2930.720745484652,0
9,44,2026-01-01 07:10:00,564.196665987895,0.29791498302046443,114.51816615760342,2938.1295807597457,0
9,45,2026-01-01 07:20:00,565.5115465859226,0.29165279803919236,111.45122075158574,2954.4712083672207,0
9,46,2026-01-01 07:30:00,567.3299172426151,0.2802730076414728,117.93977710748946,2919.8008261554937,0
9,47,2026-01-01 07:40:00,566.1493755614302,0.2733786624314281,117.01758379894288,2926.0873714333193,0
9,48,2026-01-01 07:50:00,562.4600855167549,0.3218183809766331,115.8444139685617,2963.028141326002,0
9,49,2026-01-01 08:00:00,564.2570629414973,0.3155799147126759,114.3585927642622,2945.4280054957494,0
9,50,2026-01-01 08:10:00,564.3086407659655,0.3286437791622733,115.38862881042952,2932.513022658602,0
9,51,2026-01-01 08:20:00,568.127950518124,0.34423630274668005,113.83225428566999,2943.1849063433297,0
9,52,2026-01-01 08:30:00,568.5253247338206,0.34220081188179047,112.06786666823996,2950.186029954732,0
9,53,2026-01-01 08:40:00,569.2421690455376,0.4195334207489323,115.81195043854919,2955.8643241239606,0
9,54,2026-01-01 08:50:00,568.3851219525063,0.32508242942455196,113.68285534870608,2921.1551989883083,0
9,55,2026-01-01 09:00:00,561.6281568663776,0.3708267474804344,114.71295267751901,2921.3180750383317,0
9,56,2026-01-01 09:10:00,562.9519173680533,0.3518958426097748,113.31171035341283,2944.664717825505,0
9,57,2026-01-01 09:20:00,568.032674516053,0.27014781283290257,114.36248768495699,2943.9946777361347,0
9,58,2026-01-01 09:30:00,569.0712121786653,0.36860547919747166,113.29475554587874,2913.077875345391,0
9,59,2026-01-01 09:40:00,572.8617161859194,0.34675677321587467,113.0235333893461,2917.27667080292,0
9,60,2026-01-01 09:50:00,569.6578458756397,0.3895505890435161,113.15350437081116,2928.029042285639,0
9,61,2026-01-01 10:00:00,566.82035344627,,118.90015664711314,2930.137816328328,0
9,62,2026-01-01 10:10:00,572.0584368693753,0.42405517261606734,114.46812332448187,2929.4120416847477,0
9,63,2026-01-01 10:20:00,570.3439283746447,0.3958442198426921,117.92031727264796,2907.0921572882526,0
9,64,2026-01-01 10:30:00,569.5132601038296,0.4093927845868156,112.61688869716349,2926.958351809351,0
9,65,2026-01-01 10:40:00,566.1993672437155,0.462303922293755,111.89986967278175,2914.4192956920515,0
9,66,2026-01-01 10:50:00,571.6224674991538,0.4107280785712856,110.25448358109078,2906.5340125795624,0
9,67,2026-01-01 11:00:00,572.3771012149527,0.37850111229544176,115.49423217741779,2922.712757115556,0
9,68,2026-01-01 11:10:00,569.0259495768904,0.4674038669782652,110.36229205620539,2920.0317142597205,0
9,69,2026-01-01 11:20:00,574.5712028610217,0.5131745119854377,115.67667547160792,2932.600938142185,0
9,70,2026-01-01 11:30:00,574.6262608995501,0.5072602990941949,109.91006938162487,2906.5099349227025,0
9,71,2026-01-01 11:40:00,573.1323492579703,0.4961995344792527,113.60065786676125,2921.8009378496427,0
9,72,2026-01-01 11:50:00,573.3445210918118,0.5488276355858221,108.53021524888004,2893.5921743318445,0
9,73,2026-01-01 12:00:00,576.4712067651726,0.5518387352164076,110.71321089897694,2911.848387863395,0
9,74,2026-01-01 12:10:00,575.0594256387172,0.5052122569426983,111.52617744738185,2921.775311409827,0
9,75,2026-01-01 12:20:00,572.1738091927232,0.5383750681915025,110.17192444341316,2921.8893831549885,0
9,76,2026-01-01 12:30:00,574.0113716959621,0.5502525375737461,110.91314535748316,2920.840492551041,0
9,77,2026-01-01 12:40:00,576.5986057597651,0.5454586017329638,110.8076004363243,2923.432543433575,0
9,78,2026-01-01 12:50:00,569.1548357881549,0.6047275965361092,112.63544983387308,2903.528979830343,0
9,79,2026-01-01 13:00:00,572.7809614219765,0.5638357117878805,106.73297124217041,2916.500629777783,0
9,80,2026-01-01 13:10:00,577.9456935745566,0.5606083775102582,109.6655274504187,2935.9448405028725,0
9,81,2026-01-01 13:20:00,579.8496543953822,0.4877906554862681,113.18553168834767,2899.75560018397,0
9,82,2026-01-01 13:30:00,579.6099088107321,0.5704874917212516,111.68611092576988,2926.3144810298377,0
9,83,2026-01-01 13:40:00,579.5503835338656,0.560904840503098,112.98861568972166,2917.6075259878016,0
9,84,2026-01-01 13:50:00,577.5834761923309,0.6231421892477226,111.84851396134394,2899.314501032843,0
9,85,2026-01-01 14:00:00,574.4312753824477,0.585981512327124,108.04879712410988,2899.4151408636308,0
9,86,2026-01-01 14:10:00,577.2518564649853,0.6719820876637542,111.4225137666996,2902.7832296396127,0
9,87,2026-01-01 14:20:00,572.1856604740417,0.703612386581033,110.1859971109769,2912.1585900183877,0
9,88,2026-01-01 14:30:00,582.3911768917258,0.6698033647685294,114.4066262607083,2904.7445554442256,0
9,89,2026-01-01 14:40:00,576.3616112328649,0.643598247925197,111.35972484844206,2890.4289928762596,0
9,90,2026-01-01 14:50:00,577.5366533674124,0.7064588616908098,110.68702258513939,2865.1720826714095,0
9,91,2026-01-01 15:00:00,582.6362888125981,0.7829203076389811,110.86402838279773,2905.3344079449334,0
9,92,2026-01-01 15:10:00,574.9402917905418,0.7827935577644632,110.34776302577929,2865.113253548805,0
9,93,2026-01-01 15:20:00,576.5397057969884,0.6756987807421143,110.17856628426912,2872.4599446835186,0
9,94,2026-01-01 15:30:00,581.2355687077344,0.6867968440171217,108.64726937631407,2885.7614032305537,0
9,95,2026-01-01 15:40:00,582.3165369286556,0.6892593684522027,110.13569397547884,2872.436303019353,0
9,96,2026-01-01 15:50:00,580.864034305125,0.7246129495866468,110.84657364831517,2894.25932929475,0
9,97,2026-01-01 16:00:00,581.285628359034,0.7931416967839733,110.95518851216488,2883.902500746748,0
9,98,2026-01-01 16:10:00,585.5317525667193,0.773930665927109,110.59765809963868,2898.9727093106535,0
9,99,2026-01-01 16:20:00,583.9593150474122,0.7759066430033094,111.62044383906674,2861.927402469316,0
9,100,2026-01-01 16:30:00,583.8776105230071,0.8644074112482488,110.73499287970138,2874.9636205881334,0
9,101,2026-01-01 16:40:00,585.0247812049998,0.8575708900241025,109.631136547626,2883.803997854183,0
9,102,2026-01-01 16:50:00,582.1198119097471,0.7818377734915609,105.971671206428,2883.2308500151435,0
9,103,2026-01-01 17:00:00,589.8648207334362,0.9030881474673244,105.85734824642816,2891.849395003014,0
9,104,2026-01-01 17:10:00,576.746470193204,0.8979883999227558,107.53250817189456,2866.5689410782697,0
9,105,2026-01-01 17:20:00,588.3665688277521,0.9129399604749336,108.00717643684364,2872.1165363724367,0
9,106,2026-01-01 17:30:00,587.0228693188193,0.8831874569300503,110.59456421348567,2885.595856423997,0
9,107,2026-01-01 17:40:00,585.3851525244368,0.912845807033141,102.12403946581901,2843.8561212837453,0
9,108,2026-01-01 17:50:00,585.2041156497849,0.8558952380388253,105.50193279825481,2881.4574820157945,0
9,109,2026-01-01 18:00:00,584.8211098927613,0.9840842596139776,107.06479558114228,2885.9916033361433,1
9,110,2026-01-01 18:10:00,588.9218415552571,0.9241829744105321,105.34441423913749,2853.376384123855,1
9,111,2026-01-01 18:20:00,585.8156583765615,0.9441847243729289,105.62680690599328,2867.5048716030633,1
9,112,2026-01-01 18:30:00,584.0753385871861,0.9586486332005092,106.10958947729387,2893.4690339382546,1
9,113,2026-01-01 18:40:00,589.2886824689147,1.0811692976133715,105.10115402724715,2879.825482019924,1
9,114,2026-01-01 18:50:00,591.6607735223234,0.9976786269131575,105.33284918689566,2875.481562511829,1
9,115,2026-01-01 19:00:00,581.4487084581019,1.0775253056159375,109.48905505544646,2882.4902890074427,1
9,116,2026-01-01 19:10:00,594.6252323268434,1.0544178842535268,107.87611869471245,2893.5429969080724,1
9,117,2026-01-01 19:20:00,584.7675039491377,1.0378904222901777,108.06026079020343,2865.6017520544697,1
9,118,2026-01-01 19:30:00,585.3205440193748,1.0464506196792773,106.34902067213444,2858.064826807173,1
9,119,2026-01-01 19:40:00,584.7905106976373,1.0776587578980834,108.32436869872481,2877.8496588984217,1
9,120,2026-01-01 19:50:00,588.8514680207032,1.1159154933174957,107.8826469956578,2859.0587065578798,1
9,121,2026-01-01 20:00:00,585.3335070155977,1.1591789506392545,107.2690182749239,2846.7991445901475,1
9,122,2026-01-01 20:10:00,586.0216226861452,1.1326198846034172,104.64850642208988,2851.4673515289323,1
9,123,2026-01-01 20:20:00,587.7544937421412,1.1476077361152373,104.9576523219253,2863.102209917926,1
9,124,2026-01-01 20:30:00,590.5592519176694,4.4567584350576315,107.84287890250071,2850.5222500141967,1
9,125,2026-01-01 20:40:00,591.1721866961832,1.1535555339472015,104.578043308465,2850.4904792022503,1
9,126,2026-01-01 20:50:00,594.5149587447052,1.1670979386312645,102.91935460516893,2839.5542915573005,1
9,127,2026-01-01 21:00:00,594.7695542332538,1.274749664558793,104.30925881450082,2875.34344738333,1
9,128,2026-01-01 21:10:00,594.5126828631561,1.2312324414803377,108.38499841479796,2847.522469708285,1
9,129,2026-01-01 21:20:00,590.9777384148604,1.2520670345110152,104.08100580790745,2840.838126807678,1
9,130,2026-01-01 21:30:00,586.562785601262,1.260440201406194,105.69128080699498,2841.2828701311314,1
9,131,2026-01-01 21:40:00,586.8201287475341,1.2919916559646154,103.68948745860962,2861.2465227179573,1
9,132,2026-01-01 21:50:00,595.7870025779697,1.3372046459750593,106.33260650465418,2856.655532634382,1
9,133,2026-01-01 22:00:00,595.5888173719567,1.3207167861998483,105.76424586342043,2839.378654258001,1
9,134,2026-01-01 22:10:00,591.5311815766967,1.3653865231924767,101.5931700860146,2846.2400912530843,1
9,135,2026-01-01 22:20:00,589.3828272173306,1.4329847445278896,104.99649562884822,2848.75488290455,1
9,136,2026-01-01 22:30:00,590.8873239089099,1.3617038901573355,100.98014996641005,2832.8920270224876,1
9,137,2026-01-01 22:40:00,594.87660089221,1.3952803344661646,103.12208023248031,2819.1928164625315,1
9,138,2026-01-01 22:50:00,595.2059419923705,1.457004659107304,104.09224008040431,2848.876640428159,1
9,139,2026-01-01 23:00:00,598.127593819381,1.509891846687277,107.69373183092499,2830.268987540026,1
10,1,2026-01-01 00:00:00,546.4548155151674,0.1725981283603827,119.27883727745991,3024.2381269009875,0
10,2,2026-01-01 00:10:00,547.0796691604693,0.12653066424690262,118.21640541351543,3003.2154229300854,0
10,3,2026-01-01 00:20:00,553.7117666405433,0.21262746160684887,119.21462753973806,3025.884635729386,0
10,4,2026-01-01 00:30:00,552.2748207838823,0.10616452116137569,120.24502545996721,2973.2840890497423,0
10,5,2026-01-01 00:40:00,554.4974525138819,0.08159712791574136,118.8887921615864,2977.8971300666303,0
10,6,2026-01-01 00:50:00,552.5907411735734,0.19594649793531355,120.05382706686167,3007.0795196222116,0
10,7,2026-01-01 01:00:00,552.3151994493378,0.06129921339695263,120.20764158476611,2997.2577663259517,0
10,8,2026-01-01 01:10:00,546.9776567667542,0.14481806429188399,120.8998917966721,3012.0420619898946,0
10,9,2026-01-01 01:20:00,551.6140496103153,0.2784829273369188,121.70331448857615,2991.145170898081,0
10,10,2026-01-01 01:30:00,552.6124578172319,0.15417959389221622,119.19793100462238,2977.3995303387214,0
10,11,2026-01-01 01:40:00,558.8233934511052,0.11080951054499234,116.33055465413581,2986.2571792112353,0
10,12,2026-01-01 01:50:00,555.2944028304278,,118.16009120755922,2965.51273444812,0
10,13,2026-01-01 02:00:00,558.1111775571046,0.15584562631315546,118.84261615277727,2970.616050083185,0
10,14,2026-01-01 02:10:00,555.5650682075045,0.16556221619492711,114.98714512237636,3001.1734863160755,0
10,15,2026-01-01 02:20:00,551.9080064868162,0.18697852531026518,121.34020329170197,2998.720553732014,0
10,16,2026-01-01 02:30:00,554.6627498939586,0.12036857345246099,118.75182169328441,2990.115722954726,0
10,17,2026-01-01 02:40:00,555.289509262146,0.23097318328014477,119.13396315419051,2957.8964120358924,0
10,18,2026-01-01 02:50:00,552.0328326918856,0.17490730004929245,121.00650202684895,2977.378437385271,0
10,19,2026-01-01 03:00:00,553.9665983492632,0.1958991848543869,116.91935505827819,2963.421408855728,0
10,20,2026-01-01 03:10:00,,0.1435193680522283,119.2319161970974,2998.48632216011,0
10,21,2026-01-01 03:20:00,560.4755421324259,0.22201177728662688,117.76829570589193,2971.124407517519,0
10,22,2026-01-01 03:30:00,549.6859221364019,,117.52404183483043,2962.6359400268993,0
10,23,2026-01-01 03:40:00,559.8150600525673,0.1857605680358867,116.25202241001998,2978.4110143331086,0
10,24,2026-01-01 03:50:00,553.6566801633853,0.13952505233364937,121.03180522976827,2967.4036711714325,0
10,25,2026-01-01 04:00:00,552.620289384299,0.1392560850102493,116.85379033901053,2998.3040628446724,0
10,26,2026-01-01 04:10:00,560.5458144140675,0.20903884368986259,118.90791052971954,2964.0676568962685,0
10,27,2026-01-01 04:20:00,559.4711433094996,0.166236866309077,113.66315887775073,2953.1433126385764,0
10,28,2026-01-01 04:30:00,561.3084662867843,0.1523919508230348,119.67734232884065,2940.879949958248,0
10,29,2026-01-01 04:40:00,560.2164771001218,0.16347450216817835,119.32597919814167,2971.7537713260745,0
10,30,2026-01-01 04:50:00,564.2633673405415,0.21991014696421837,117.32061672358861,2962.8285333220715,0
10,31,2026-01-01 05:00:00,560.0294649240071,0.16963392461385132,116.57605518748463,2948.865832099929,0
10,32,2026-01-01 05:10:00,558.1533223626485,0.19302588348459573,117.73413174775408,2987.179714284106,0
10,33,2026-01-01 05:20:00,559.9209947008263,0.20136305916706493,121.415904675054,2978.391910744373,0
10,34,2026-01-01 05:30:00,562.8920840317445,0.12719108884228014,113.21604157225292,2967.0018815165404,0
10,35,2026-01-01 05:40:00,557.0930117487706,0.14825630991507466,118.2107613619746,2986.9319595308266,0
10,36,2026-01-01 05:50:00,557.7449330548011,0.22386203026745352,114.72766359928501,2975.4470225369073,0
10,37,2026-01-01 06:00:00,559.0431798364458,0.184332515539191,116.41525302775982,2952.208059680816,0
10,38,2026-01-01 06:10:00,,0.25957868844447574,115.86352119896841,2948.004511911396,0
10,39,2026-01-01 06:20:00,560.9232172611809,0.25957120489145313,115.4068365382967,2974.9044537057302,0
10,40,2026-01-01 06:30:00,555.1200570019193,0.2533481228240335,116.14673441255323,2967.622151053597,0
10,41,2026-01-01 06:40:00,561.2070821304146,0.30114792983091687,113.80351399686957,2963.2647793938113,0
10,42,2026-01-01 06:50:00,563.9132345378669,0.22890239411749486,118.03440877644755,2947.0630119988828,0
10,43,2026-01-01 07:00:00,560.156196965374,0.2621433798723972,112.29195249856089,2967.9216087146674,0
10,44,2026-01-01 07:10:00,566.8876350357103,0.2168674261016362,116.86396016338124,2946.511828130236,0
10,45,2026-01-01 07:20:00,557.7442458047386,0.3424868507296724,115.03555104942188,2955.3564277260048,0
10,46,2026-01-01 07:30:00,565.9689916257339,0.3279792160820225,113.25096458364258,2977.6323059083793,0
10,47,2026-01-01 07:40:00,564.6900818279034,0.25344412985516396,115.90177272922135,2945.0575463430873,0
10,48,2026-01-01 07:50:00,557.7860319915949,0.27286063088074275,112.28729543137747,2930.4171371918114,0
10,49,2026-01-01 08:00:00,571.3359757114929,0.31629058158942247,115.38481686499615,2937.265684337517,0
10,50,2026-01-01 08:10:00,563.2818180357037,0.26064782007277326,112.36382702270024,2967.0102907835476,0
10,51,2026-01-01 08:20:00,561.1100629035931,0.24497638680406902,116.03631662372548,2954.9586916116014,0
10,52,2026-01-01 08:30:00,559.7907144635521,0.3110021157672645,113.16924940459553,2948.2464800382318,0
10,53,2026-01-01 08:40:00,563.6213830427695,,114.02016765456413,2941.585149806554,0
10,54,2026-01-01 08:50:00,564.168677586423,0.29324433605530015,115.41424608127555,2955.54387166719,0
10,55,2026-01-01 09:00:00,565.1282958670562,0.25763456059833983,113.18545469847122,2934.5688164567036,0
10,56,2026-01-01 09:10:00,564.1964318906096,0.22747261135830357,114.51880253958555,2950.9322889188606,0
10,57,2026-01-01 09:20:00,567.2589573674711,0.31089250337999674,111.51126115319892,2934.420403024692,0
10,58,2026-01-01 09:30:00,564.4658530169803,0.3430058250568063,115.7048649796474,2930.966246945425,0
10,59,2026-01-01 09:40:00,560.093311241093,0.30322883656641436,117.8771330003231,2933.91074236984,0
10,60,2026-01-01 09:50:00,565.7195801837098,0.3752652771644408,119.83591474180795,2936.883858362621,0
10,61,2026-01-01 10:00:00,559.3346927883832,0.2952916599383067,114.33802491608738,2940.8244386885394,0
10,62,2026-01-01 10:10:00,567.7678987190216,0.2869935780493463,115.63628852111533,2944.130639321876,0
10,63,2026-01-01 10:20:00,564.0381472133438,0.3323192139734047,110.40282051047245,2884.3152391914473,0
10,64,2026-01-01 10:30:00,567.7355900467834,0.3376246199806775,116.87373212566506,2926.5678763643377,0
10,65,2026-01-01 10:40:00,571.4571950044541,0.37774019570182943,115.32491209926857,2931.851001237863,0
10,66,2026-01-01 10:50:00,564.9381850519206,0.3220492836597648,112.70877981668436,2959.342397644993,0
10,67,2026-01-01 11:00:00,571.2376609911053,0.41397114298903614,116.05519992393131,2919.608344107801,0
10,68,2026-01-01 11:10:00,567.0231845933548,0.4442168556310986,112.97607778682908,2937.292248672696,0
10,69,2026-01-01 11:20:00,573.8523987774543,0.3703604463865752,112.47317119085712,2956.3176702149,0
10,70,2026-01-01 11:30:00,567.7668176095073,0.4283938813274344,114.24408302450767,2913.2396037873177,0
10,71,2026-01-01 11:40:00,,0.3427180654700163,111.07089579075853,2937.8856762921578,0
10,72,2026-01-01 11:50:00,571.4629129559763,0.43465252043748065,115.14504593598552,2918.9838865628385,0
10,73,2026-01-01 12:00:00,568.3632894937639,0.4402936523479721,110.89400840009841,2922.4903741051826,0
10,74,2026-01-01 12:10:00,567.4157712180921,0.43979225114879056,110.8100700610722,2917.055133897886,0
10,75,2026-01-01 12:20:00,568.776061286212,0.4115776270421978,110.99499168066836,2917.165852948612,0
10,76,2026-01-01 12:30:00,570.3452223196188,0.3010688103233547,114.23756294928374,2968.014310961112,0
10,77,2026-01-01 12:40:00,574.7750433877466,0.40070152632318945,111.38920376797854,2938.894382991255,0
10,78,2026-01-01 12:50:00,565.2157008354776,0.4085590421783415,109.83095453905008,2941.7955290046375,0
10,79,2026-01-01 13:00:00,571.3566671265519,1.6713865919493256,111.2197777246793,2931.6912795480566,0
10,80,2026-01-01 13:10:00,573.431597011507,0.4532152248611469,112.27124459995639,2899.259441587144,0
10,81,2026-01-01 13:20:00,572.4066930303645,0.43907171783550253,109.87757599075506,2928.319579135688,0
10,82,2026-01-01 13:30:00,576.0254038915342,0.43044375296305115,109.84035035678161,2937.531069966113,0
10,83,2026-01-01 13:40:00,572.1422334718022,0.4287674318412515,116.27049685981594,2907.678049805581,0
10,84,2026-01-01 13:50:00,572.0810762123643,0.4502833494894797,110.23096500075546,2934.000858091249,0
10,85,2026-01-01 14:00:00,574.6811802578064,0.5316414952408227,111.21020268760368,2929.127917399308,0
10,86,2026-01-01 14:10:00,573.4715941394647,0.46831140915987496,111.0260050403176,2945.3853910913667,0
10,87,2026-01-01 14:20:00,572.2718875576136,0.4822189743860052,110.82195704314175,2910.3799613991223,0
10,88,2026-01-01 14:30:00,575.2610069690586,0.4927059560609799,112.81155575538732,2899.224458020355,0
10,89,2026-01-01 14:40:00,572.0244510484937,0.5327841659530723,113.36933979315967,2909.3061172815674,0
10,90,2026-01-01 14:50:00,572.41796554993,0.5458181964008351,110.76533664591886,2935.3060199872743,0
10,91,2026-01-01 15:00:00,572.9369760185355,0.4142189734691777,108.80848055256381,2885.3882830448556,0
10,92,2026-01-01 15:10:00,578.8496266421758,0.5854008884914312,113.73450919821278,2880.830651693684,0
10,93,2026-01-01 15:20:00,565.3968311715638,0.6106136729277121,110.89913817688807,2912.2391327767887,0
10,94,2026-01-01 15:30:00,576.5161378216541,0.5198681884033424,114.45465560576224,2903.3012803688666,0
10,95,2026-01-01 15:40:00,575.7016178378102,0.5317936451684754,106.40703179768404,2909.097954325779,0
10,96,2026-01-01 15:50:00,570.8256520953395,0.5615785912270096,111.19320165214748,2922.2036286643465,0
10,97,2026-01-01 16:00:00,577.0669048883061,0.5583449444603604,114.54379949409972,2898.77732807169,0
10,98,2026-01-01 16:10:00,577.8344416042371,0.6066317854171851,109.90425017223745,2878.0126969671783,0
10,99,2026-01-01 16:20:00,578.445564400659,0.528996530945875,110.06398321321097,2935.816923956802,0
10,100,2026-01-01 16:30:00,568.9906235952963,0.5714164967398807,111.01018505982739,2889.2331924548857,0
10,101,2026-01-01 16:40:00,581.3147370978387,0.6870707744496798,109.20576165564326,2887.3479761039503,0
10,102,2026-01-01 16:50:00,575.2718198260652,0.5978365998503082,109.60340104607418,2918.831249307635,0
10,103,2026-01-01 17:00:00,579.8141942582236,0.6942582684901035,109.4561063385633,2895.550028453838,0
10,104,2026-01-01 17:10:00,580.2471734378552,0.6683836307315622,108.78108667485982,2899.408433656604,0
10,105,2026-01-01 17:20:00,575.6633219167948,0.5915415865866084,112.39783286088016,2906.643049465695,0
10,106,2026-01-01 17:30:00,580.5442541085516,0.6991608819611815,110.76646744183837,2914.696860319105,0
10,107,2026-01-01 17:40:00,577.6758556066042,0.678969667767426,110.24975945821858,2892.483119542393,0
10,108,2026-01-01 17:50:00,572.8876648691711,0.6754795500279694,111.26983662455868,2919.326226196499,0
10,109,2026-01-01 18:00:00,582.8744832616132,0.7136116151478706,109.02817456113797,2863.531864544427,0
10,110,2026-01-01 18:10:00,577.3155836738255,0.7330069967069056,107.91267020760557,2906.00758699741,0
10,111,2026-01-01 18:20:00,577.3466992525043,0.7526268827466747,108.16002085184873,2881.0597812405135,0
10,112,2026-01-01 18:30:00,,0.781848103073278,109.27302716005353,2913.278680527563,0
10,113,2026-01-01 18:40:00,581.2658119723893,0.7615314317063726,107.05522927786498,2893.867194128566,0
10,114,2026-01-01 18:50:00,580.5467516417851,0.7007618643878766,108.0773222782039,2880.6848631336316,0
10,115,2026-01-01 19:00:00,582.6322247262173,0.7475158690975882,107.94980264440085,2899.7629756767615,0
10,116,2026-01-01 19:10:00,577.2390169303541,0.894951306998898,113.1353400045682,2902.2601006572104,0
10,117,2026-01-01 19:20:00,579.2997869964922,0.8170699289081516,103.24278928180883,2897.532603459646,0
10,118,2026-01-01 19:30:00,581.4484159686641,0.8938159181502843,108.33537133563185,2871.5006641899354,0
10,119,2026-01-01 19:40:00,587.7595301414491,0.8659091557509456,112.05018998083914,2878.7277670977646,0
10,120,2026-01-01 19:50:00,581.9938917260761,0.8309044683905745,108.74668294024094,2884.9688475629387,0
10,121,2026-01-01 20:00:00,585.8604572101466,0.8445224881051678,109.9140205755847,2883.4529614976746,0
10,122,2026-01-01 20:10:00,582.9899170033589,0.84233005022464,108.51102987570852,2894.359954586665,0
10,123,2026-01-01 20:20:00,581.6927366625375,0.785701340411857,106.88090209984249,2851.9321701351555,0
10,124,2026-01-01 20:30:00,582.6730003803513,0.8674489150906611,103.6359286100241,2886.2125106087215,0
10,125,2026-01-01 20:40:00,583.1773755944522,0.9267607337600479,108.434863469881,2875.889800641534,0
10,126,2026-01-01 20:50:00,585.7630330252654,0.8660481052521516,106.37693050337006,2866.7039278799894,0
10,127,2026-01-01 21:00:00,588.3453906889572,0.9183050051143244,106.23166451701071,2867.1860516268694,0
10,128,2026-01-01 21:10:00,585.5700605071308,0.9477769338146445,106.73855243414957,2874.1472044933084,0
10,129,2026-01-01 21:20:00,588.3217120781414,0.8893057079536941,111.13044137612124,2822.3909090618495,0
10,130,2026-01-01 21:30:00,582.1355709068714,0.9197136712199356,112.35458526414867,2864.9297582345343,0
10,131,2026-01-01 21:40:00,584.0555096711627,0.9092154131622969,107.88351767146399,2861.3537955943775,0
10,132,2026-01-01 21:50:00,583.3959546728261,0.9293045622217208,106.42375896535019,2881.524682271576,0
10,133,2026-01-01 22:00:00,586.781657125918,0.9230395155713002,104.9030321950377,2860.4919500617434,0
10,134,2026-01-01 22:10:00,585.0309092755995,0.9509715556106397,108.09875696979871,2868.3900594645083,0
10,135,2026-01-01 22:20:00,588.5665643200846,1.0563067151662247,110.63167946360333,2893.7928320496503,0
10,136,2026-01-01 22:30:00,583.853701451929,0.975541627359462,106.47537910618921,2884.6158715996266,0
10,137,2026-01-01 22:40:00,587.0452605846344,1.0299445245944763,102.11625941549954,2882.2765859692117,1
10,138,2026-01-01 22:50:00,589.2462024755517,1.0175900797143973,108.1185424574035,2860.286344681562,1
10,139,2026-01-01 23:00:00,581.2591814952374,1.0977713680921124,108.65343415343902,2874.971831494734,1
10,140,2026-01-01 23:10:00,594.0894448201942,1.1160683499443913,103.4151350665337,2862.35979646625,1
10,141,2026-01-01 23:20:00,587.1445563214082,1.1112830115556287,106.84398633139776,2861.9687814805643,1
10,142,2026-01-01 23:30:00,582.1883533128637,1.1021571753042172,107.29766161311052,2870.0973759645813,1
10,143,2026-01-01 23:40:00,589.0072158274669,1.0939542193367193,106.15318659358692,2854.039108149734,1
10,144,2026-01-01 23:50:00,588.9027256135003,1.0688996469931662,104.62205097620055,2884.4309747103607,1
10,145,2026-01-02 00:00:00,588.8261731487077,1.2077870514763769,108.13965887826484,2858.675892217408,1
10,146,2026-01-02 00:10:00,592.3148907040494,1.1132234633122722,105.20521655596683,2869.395168972937,1
10,147,2026-01-02 00:20:00,591.8531133573949,1.1838139524147857,102.94579533927079,2880.995683835566,1
10,148,2026-01-02 00:30:00,590.7738680940296,1.2134016626697177,101.72141031009775,2873.678399432999,1
10,149,2026-01-02 00:40:00,591.5001675006423,1.1626519878400907,108.24624993820221,2836.111722441678,1
10,150,2026-01-02 00:50:00,590.1060863283325,1.2403211034806767,106.86207046791229,2862.9608635748486,1
10,151,2026-01-02 01:00:00,596.0150953022112,1.2433997519135391,105.70888122599486,2868.0901322342747,1
10,152,2026-01-02 01:10:00,586.520495777262,1.2960736253074143,104.55657647480139,2867.7492028174415,1
10,153,2026-01-02 01:20:00,591.6464999328273,1.2223982880674467,104.2833205368632,2836.713751140975,1
10,154,2026-01-02 01:30:00,,1.20404788758591,103.0940356851527,2842.5995612650995,1
10,155,2026-01-02 01:40:00,594.2063082840621,1.2496663863321136,104.28678930968263,2866.415379524148,1
10,156,2026-01-02 01:50:00,589.5043665114379,1.2927368732442754,100.81371778532852,2839.112516595449,1
10,157,2026-01-02 02:00:00,587.0743714143673,1.3013012223395246,103.48595652539831,2845.0853974733886,1
10,158,2026-01-02 02:10:00,593.0453193476958,1.2979184058385729,104.24040041639961,2872.2608916335475,1
10,159,2026-01-02 02:20:00,593.6880028539014,1.25206445848411,105.9862271602491,2846.9476819029105,1
10,160,2026-01-02 02:30:00,597.5825706834328,1.362121338562221,104.590805755888,2835.8049747588393,1
10,161,2026-01-02 02:40:00,589.5721473939589,1.4371586864744144,106.16469652715232,2832.5842426410686,1
10,162,2026-01-02 02:50:00,597.1167759109286,1.391891072150328,107.17731212639453,2849.7812091054543,1
10,163,2026-01-02 03:00:00,601.0243987807041,1.4128357854220424,106.49957372058233,2823.8351152021833,1
10,164,2026-01-02 03:10:00,593.0583221038996,1.426610745660812,105.22844484445771,2839.1642120385595,1
10,165,2026-01-02 03:20:00,590.5882511858317,1.4349305956848224,104.21534212482864,2846.914625689521,1
10,166,2026-01-02 03:30:00,593.5096158230356,1.4717443897593807,102.13423236640641,2860.4453311405505,1
10,167,2026-01-02 03:40:00,595.0420149021141,1.4658149472474267,105.47988810275864,2850.01322120555,1
11,1,2026-01-01 00:00:00,549.7847853008354,0.17555841518071397,120.93002133569172,3012.7667092745137,0
11,2,2026-01-01 00:10:00,545.4025860688976,0.17703911803914085,121.68633036331588,2971.133990277261,0
11,3,2026-01-01 00:20:00,549.2256680612567,0.1789935667311151,119.31504772671309,3003.2374430764726,0
11,4,2026-01-01 00:30:00,553.5792343071921,0.20454026404169176,118.7512891940901,2972.074871094015,0
11,5,2026-01-01 00:40:00,553.2026305668892,0.48899305142659816,120.4076150107745,3012.9670474607165,0
11,6,2026-01-01 00:50:00,548.8734842071218,0.10419209332345655,118.87318796021778,2989.7756018129908,0
11,7,2026-01-01 01:00:00,555.9611302204369,0.16768844993486895,118.58463200207848,2991.121550115376,0
11,8,2026-01-01 01:10:00,561.3353332386612,0.1118065913551581,121.02071938583437,2980.5456578327894,0
11,9,2026-01-01 01:20:00,550.0099474416332,0.10430641561386134,118.89471087315377,2966.5949615207155,0
11,10,2026-01-01 01:30:00,552.4024888220563,0.2048139884867318,121.35265417317378,3008.249651530924,0
11,11,2026-01-01 01:40:00,551.4573613743524,0.16709965911247265,118.63493856982248,2985.622056837698,0
11,12,2026-01-01 01:50:00,553.3395038052462,0.1595717785720462,116.07701827926776,3035.245623060352,0
11,13,2026-01-01 02:00:00,554.7478924980898,0.16186691050346697,111.75243613997027,2973.8875414104823,0
11,14,2026-01-01 02:10:00,552.1361891037004,0.15723140010428827,114.82034740159663,2975.2660310542815,0
11,15,2026-01-01 02:20:00,553.6994419600663,0.2118647080165673,115.05734081243793,2970.433955729615,0
11,16,2026-01-01 02:30:00,555.0939443608789,0.10440567954371137,118.81495505628666,2980.1763835582387,0
11,17,2026-01-01 02:40:00,556.5490340859421,0.1046817178933733,116.23183125786703,3005.3732350597197,0
11,18,2026-01-01 02:50:00,559.8357203256943,0.13151685762952992,114.11885134183142,2995.8232009912026,0
11,19,2026-01-01 03:00:00,555.6948184575627,0.1827051533561095,117.69792016667428,2957.0290079324723,0
11,20,2026-01-01 03:10:00,554.3547615508069,0.24563611795692503,115.68869285902687,2996.5852910698436,0
11,21,2026-01-01 03:20:00,558.4312993222912,0.2105865207790794,118.67116471880094,2987.691533721347,0
11,22,2026-01-01 03:30:00,557.8448139389319,0.20203877428672434,118.5141211871511,2983.5966563259517,0
11,23,2026-01-01 03:40:00,556.367825937358,0.1777814049070803,118.61837390664824,2965.038400921212,0
11,24,2026-01-01 03:50:00,558.7033723221315,0.13042701388113392,112.3062577373581,2965.079533440052,0
11,25,2026-01-01 04:00:00,556.4008898342922,0.20719704352877644,117.4062544943705,2975.2103709144913,0
11,26,2026-01-01 04:10:00,556.2611969361253,0.2706224851648228,116.96524889113905,2963.7830969823276,0
11,27,2026-01-01 04:20:00,552.4564109517279,0.18308496011901293,114.657382581384,2990.696191170733,0
11,28,2026-01-01 04:30:00,557.4726065167395,0.17348090739894226,112.71842706553112,2960.9935507641553,0
11,29,2026-01-01 04:40:00,553.4708203191933,0.1898358016250423,116.6685361979936,2939.65759481026,0
11,30,2026-01-01 04:50:00,557.1421911380559,0.22669037435371414,118.90675559744528,2948.2633807488855,0
11,31,2026-01-01 05:00:00,561.1008583171745,0.21074144739926695,111.50762573444678,2948.1419588036,0
11,32,2026-01-01 05:10:00,555.1489205086946,0.24636182745075974,114.89871664345375,2961.6873627882674,0
11,33,2026-01-01 05:20:00,559.396908120521,0.21242936289496805,116.7194460648985,2967.8047488928014,0
11,34,2026-01-01 05:30:00,560.4648773791408,0.2080501793797289,118.59883327697787,2964.2969394360352,0
11,35,2026-01-01 05:40:00,559.854687185664,0.23089124230613794,115.6168677098924,2969.3297423479307,0
11,36,2026-01-01 05:50:00,559.4284787397551,0.20430238641895793,119.99623408398102,2957.5580815184344,0
11,37,2026-01-01 06:00:00,562.1506630849533,0.2997936533759964,112.43623255902345,2957.0148514547295,0
11,38,2026-01-01 06:10:00,562.8688076688139,0.26747932571071026,111.88558724397042,2985.4725304870135,0
11,39,2026-01-01 06:20:00,561.7831018755518,0.1950756121994629,117.84751063636013,2976.2011689380406,0
11,40,2026-01-01 06:30:00,560.8032541593428,0.2138591065857765,111.00544948252364,2963.17148709434,0
11,41,2026-01-01 06:40:00,564.9767581347209,0.27104598324704776,116.52038010884291,2969.7232114975745,0
11,42,2026-01-01 06:50:00,558.7523435776445,0.26062534631533063,114.90086800891842,2926.006101376655,0
11,43,2026-01-01 07:00:00,565.0487128566338,0.2703703661262765,113.58054913069047,2941.4874240719732,0
11,44,2026-01-01 07:10:00,564.5476737779918,0.2556791640463962,114.42183336829716,2946.268625142267,0
11,45,2026-01-01 07:20:00,564.1876845582855,0.2867826612925565,112.58964144764045,2939.516362918708,0
11,46,2026-01-01 07:30:00,563.8629309624845,0.267160093893697,114.4237345737312,2927.4179672135097,0
11,47,2026-01-01 07:40:00,558.5247244757462,0.3018852110143441,114.9878588029379,2955.838358380769,0
11,48,2026-01-01 07:50:00,568.6587013813371,0.3158339710139204,114.01319363100035,2969.2425922281955,0
11,49,2026-01-01 08:00:00,567.3146708647764,0.35486237955714395,113.56838246919452,2947.1904044905805,0
11,50,2026-01-01 08:10:00,562.2165006132567,0.275801832543321,115.13914647330257,2956.0314555167247,0
11,51,2026-01-01 08:20:00,567.6791136188052,0.3018592049994886,117.84263352447557,2944.596890019046,0
11,52,2026-01-01 08:30:00,566.2712170851481,0.25957595368982334,113.88370057858555,2937.5364916803524,0
11,53,2026-01-01 08:40:00,564.2577053210266,0.38753403850220247,115.9487058422232,2956.8751967074136,0
11,54,2026-01-01 08:50:00,569.8841059843835,0.24172954706926267,112.2689882858685,2920.5905587066786,0
11,55,2026-01-01 09:00:00,565.318220478511,0.39444643627727527,111.42579712989388,2912.988556126253,0
11,56,2026-01-01 09:10:00,570.981131476641,0.33737015124804404,114.89320795583609,2918.231274483424,0
11,57,2026-01-01 09:20:00,568.8176061955215,0.3569853042380686,113.41212554370578,2951.595765982866,0
11,58,2026-01-01 09:30:00,570.386454702763,0.34035535417343005,116.03080676382308,2939.02628740866,0
11,59,2026-01-01 09:40:00,569.556048065529,0.35507718699297003,116.31527656158886,2942.292364990715,0
11,60,2026-01-01 09:50:00,569.7189977324061,0.3843246992458496,115.23521666472075,2960.7243147005206,0
11,61,2026-01-01 10:00:00,569.0685100868856,0.30242068321265936,115.08438109033057,2917.0465491770346,0
11,62,2026-01-01 10:10:00,566.5443753735993,0.3490039104730026,106.49155570800868,2951.4853743294043,0
11,63,2026-01-01 10:20:00,569.2144228046183,0.34860615871747036,114.12394432799312,2926.404127076361,0
11,64,2026-01-01 10:30:00,572.0780315925261,0.4077412433661162,114.85327643745349,2923.049754656534,0
11,65,2026-01-01 10:40:00,571.7886516179783,0.3975734137575134,110.47656902386443,2931.4196479406532,0
11,66,2026-01-01 10:50:00,571.4366463006212,0.4297934250769965,112.93029670103193,2932.6935606137213,0
11,67,2026-01-01 11:00:00,563.9476393895711,0.41944852910739205,110.71991269883232,2924.8955591815693,0
11,68,2026-01-01 11:10:00,569.897240394956,0.46310613169488035,114.75300776678297,2936.1345802877363,0
11,69,2026-01-01 11:20:00,569.8840585104473,0.39917376778580177,110.67860789669264,2927.1846864206223,0
11,70,2026-01-01 11:30:00,567.8311668931306,0.4392502436258819,110.89749726263678,2921.8422405138135,0
11,71,2026-01-01 11:40:00,574.154225883546,0.4895549338395024,111.44773859406247,2917.514127225048,0
11,72,2026-01-01 11:50:00,565.6690403636244,0.48992693588956715,116.76727681963948,2926.259760744154,0
11,73,2026-01-01 12:00:00,574.5568871094758,0.40285872024188385,114.17041836565575,2901.2608708433418,0
11,74,2026-01-01 12:10:00,576.3367080368002,0.42980779131345476,115.27889899299555,2904.419955301978,0
11,75,2026-01-01 12:20:00,572.0214814966029,0.4761054175394174,108.32006901387174,2913.9513362103794,0
11,76,2026-01-01 12:30:00,572.7300033022951,,109.30033668215151,2926.56238764031,0
11,77,2026-01-01 12:40:00,576.157711264127,0.494560985900489,114.40870291159646,2949.458188097484,0
11,78,2026-01-01 12:50:00,571.2660830195928,,108.10383877737216,2913.851726200001,0
11,79,2026-01-01 13:00:00,575.8413898330019,0.5270228225648412,110.1734101817906,2888.554315864863,0
11,80,2026-01-01 13:10:00,571.407630782474,0.5386655299093372,115.52007865441007,2902.2402470870593,0
11,81,2026-01-01 13:20:00,570.8107615314641,0.5610099397983238,109.3750839622094,2922.9035119720716,0
11,82,2026-01-01 13:30:00,575.6530728510905,0.5866969803674367,107.55263596705277,2897.392077090598,0
11,83,2026-01-01 13:40:00,574.9870531500761,0.4311512526522529,111.1821973309003,2891.2863043533,0
11,84,2026-01-01 13:50:00,570.2061145832656,0.5477055199723742,107.4203798234896,2919.603691242332,0
11,85,2026-01-01 14:00:00,579.9170737968561,0.5377478170443626,113.34698336742235,2915.698033128159,0
11,86,2026-01-01 14:10:00,574.7290032472653,0.6020922364452082,108.97538317216156,2885.5628955700577,0
11,87,2026-01-01 14:20:00,577.8072075433121,0.5747256071025001,108.46724006298153,2893.1522810262186,0
11,88,2026-01-01 14:30:00,581.3927309620532,0.6064915161607723,110.6091002757978,2924.1734083569604,0
11,89,2026-01-01 14:40:00,577.6220077597105,0.6479071725403579,109.63407731518332,2917.2221942527576,0
11,90,2026-01-01 14:50:00,581.0010842512926,0.6001835217750301,110.8402688571603,2885.395131960969,0
11,91,2026-01-01 15:00:00,574.8940593374751,0.6494142079183531,111.27119681826848,2872.4485388709545,0
11,92,2026-01-01 15:10:00,582.048190960819,0.7077704274617984,109.68622988217372,2905.2358224291884,0
11,93,2026-01-01 15:20:00,575.6096548341983,0.6897147782975703,107.69052559881989,2895.693208259339,0
11,94,2026-01-01 15:30:00,576.675837282082,0.6039690228446428,111.36705683858591,2901.78653113547,0
11,95,2026-01-01 15:40:00,574.3272789348225,0.6667973181117414,108.41183808191614,2907.506506338867,0
11,96,2026-01-01 15:50:00,579.7985622553518,0.7038840204666178,107.95309721877383,2882.568710416912,0
11,97,2026-01-01 16:00:00,581.1880845564516,0.7230640140389767,109.86921384776177,2889.356743275708,0
11,98,2026-01-01 16:10:00,581.8977405924222,0.7022771028349802,105.61918522860275,2881.2792228155536,0
11,99,2026-01-01 16:20:00,575.6045700799143,0.698315025145068,110.15087958307262,2880.742749673078,0
11,100,2026-01-01 16:30:00,581.3262710212683,0.7382697264385966,109.65326897421133,2901.0888375642958,0
11,101,2026-01-01 16:40:00,581.7393028087241,0.7038535609906371,111.39800169665341,2893.70465288124,0
11,102,2026-01-01 16:50:00,582.6496842562445,0.8032051717318218,108.04619558660303,2867.025672106057,0
11,103,2026-01-01 17:00:00,578.7891961906302,,111.58926037948078,2900.27252778311,0
11,104,2026-01-01 17:10:00,573.8934847806217,0.799128599240685,109.89150056610443,2883.0710965323337,0
11,105,2026-01-01 17:20:00,583.8308461079833,0.7862814858305485,108.67125386587863,2898.8158032500696,0
11,106,2026-01-01 17:30:00,581.5759339140831,0.8455703672791007,112.2508415154416,2870.9534259551015,0
11,107,2026-01-01 17:40:00,583.1561595587399,0.8512839074095526,108.70049257578752,2871.215350860475,0
11,108,2026-01-01 17:50:00,582.33362855406,0.8219746315854484,107.36594990850308,2887.802530109184,0
11,109,2026-01-01 18:00:00,583.622969828329,0.8437891534919439,108.5429819995658,2866.506118811683,0
11,110,2026-01-01 18:10:00,585.4328343926348,0.8341452693788878,107.10998112885927,2877.7559770697458,0
11,111,2026-01-01 18:20:00,577.9524248042587,0.878054894461337,108.82783027394107,2862.6542671921275,0
11,112,2026-01-01 18:30:00,587.2485641844225,0.8964818374274034,110.61452892641113,2873.8609976280864,0
11,113,2026-01-01 18:40:00,,0.86649524785827,107.84976374710202,2878.179904643732,0
11,114,2026-01-01 18:50:00,589.3107530067703,0.8680056944092952,107.93866858189162,2877.812761640961,0
11,115,2026-01-01 19:00:00,583.3531773780055,0.8713614374801707,109.24666910046797,2871.0388580450986,0
11,116,2026-01-01 19:10:00,582.9887636092177,0.954589858194946,109.91810420929008,2880.43649611551,0
11,117,2026-01-01 19:20:00,584.890552246426,0.9511126984764001,106.5309710803066,2876.579401790063,0
11,118,2026-01-01 19:30:00,587.137545015413,0.9619896767995604,107.67353107280995,2871.948090647975,0
11,119,2026-01-01 19:40:00,585.1165396604471,0.9977914328218845,108.82600112496061,2862.8270071100046,1
11,120,2026-01-01 19:50:00,587.9591506011317,0.957166781996743,107.77399847188562,2887.164595840993,1
11,121,2026-01-01 20:00:00,585.3822464458951,0.9645071285554064,103.28253253785871,2875.8614222174488,1
11,122,2026-01-01 20:10:00,586.9503142379259,1.0311896035007933,108.86478277888325,2853.451655632224,1
11,123,2026-01-01 20:20:00,593.8573098538455,0.9667453689804101,107.8377089381523,2877.652721222606,1
11,124,2026-01-01 20:30:00,588.521465020128,1.0399964585896657,107.87246123880287,2879.978042138183,1
11,125,2026-01-01 20:40:00,589.0641665331269,1.1635941190353616,104.19287975274696,2864.5483406911544,1
11,126,2026-01-01 20:50:00,583.6359813136008,1.0256923017651658,106.77457852712246,2864.4716766860624,1
11,127,2026-01-01 21:00:00,592.4185672680215,1.077258753870867,108.04910657419181,2832.7411008830777,1
11,128,2026-01-01 21:10:00,591.8571133767751,1.0244644959511435,104.49387234724058,2849.8987194206193,1
11,129,2026-01-01 21:20:00,586.8163842157487,1.1150799574422956,104.90656190702265,2874.131926312404,1
11,130,2026-01-01 21:30:00,592.4019227695582,1.2182565204160498,107.76122669851104,2848.66333659072,1
11,131,2026-01-01 21:40:00,590.5531620712818,1.1735548561131184,104.59868065649894,2856.9312302276817,1
11,132,2026-01-01 21:50:00,590.0050195079002,1.1457271934745377,105.40848560061362,2845.37573160606,1
11,133,2026-01-01 22:00:00,594.0406521737244,1.2730521106899035,103.64888348715463,2860.643441826167,1
11,134,2026-01-01 22:10:00,588.9329029385059,1.131736011379815,109.25061538967188,2862.0135208774786,1
11,135,2026-01-01 22:20:00,588.6047469134974,1.235339384874133,106.5446012350351,2861.3406769730072,1
11,136,2026-01-01 22:30:00,591.6965154643667,1.2356468245326793,104.8851832009501,2836.8693171495233,1
11,137,2026-01-01 22:40:00,592.9605253697874,1.2391550922194636,104.40384022296244,2854.486437642817,1
11,138,2026-01-01 22:50:00,594.5768000090748,,102.72447880739651,2875.460626956741,1
11,139,2026-01-01 23:00:00,591.5270069165723,1.2340797714641323,104.85362532089955,2861.9655861108267,1
11,140,2026-01-01 23:10:00,589.7325658448589,1.3102009550823828,106.29655911540023,2851.0643980715677,1
11,141,2026-01-01 23:20:00,600.1695957713445,1.3215765964122246,103.23943220813109,2819.6259888987797,1
11,142,2026-01-01 23:30:00,589.6261223571515,1.2958810825930587,104.96276009494176,2843.776431351843,1
11,143,2026-01-01 23:40:00,593.3532738329559,1.425409849792072,103.90953175271538,2871.1384367298483,1
11,144,2026-01-01 23:50:00,595.8290494595489,1.3569420853404952,107.29714461082884,2865.148230056975,1
11,145,2026-01-02 00:00:00,597.2453141538383,1.3755922221285621,103.15613267339123,2851.2165768852196,1
11,146,2026-01-02 00:10:00,592.3924791953004,1.3570709229877198,105.87645939988037,2832.431520328645,1
11,147,2026-01-02 00:20:00,588.7712200711393,1.408801276779902,107.00281029255788,2842.931835743393,1
11,148,2026-01-02 00:30:00,592.9271910567932,1.5259990757641335,103.35312134278044,2852.6760380041387,1
11,149,2026-01-02 00:40:00,597.5839675306416,1.4398915256011366,102.82284510469951,2854.108087904439,1
12,1,2026-01-01 00:00:00,548.4857351877945,0.07539981598883413,122.27253869109177,3023.1808387896353,0
12,2,2026-01-01 00:10:00,,0.19379419605874929,119.16849612138284,3005.193883051228,0
12,3,2026-01-01 00:20:00,553.0107722140666,0.1447494747934108,117.60031936523289,2986.96629331042,0
12,4,2026-01-01 00:30:00,549.1528845100697,0.16533460701664127,122.92506688045343,3011.4436169209234,0
12,5,2026-01-01 00:40:00,552.7738135158792,0.17862869561145361,120.46778352460115,3031.1368743347275,0
12,6,2026-01-01 00:50:00,548.8662616217838,0.13309535925605576,120.03330915683378,2998.429855269856,0
12,7,2026-01-01 01:00:00,549.6904833788146,0.17256691637381932,119.01092306348009,3002.230136136081,0
12,8,2026-01-01 01:10:00,555.2912836787912,0.12255338315374494,120.64237616980192,3003.20899467186,0
12,9,2026-01-01 01:20:00,554.0423258358411,0.16861194582814004,119.74110243290517,2968.1070540557025,0
12,10,2026-01-01 01:30:00,546.7851396495898,0.15462790259960632,118.16789792584994,2985.1375152358078,0
12,11,2026-01-01 01:40:00,551.5675435161768,0.13774634265317645,118.41587300724385,2982.7267862857384,0
12,12,2026-01-01 01:50:00,554.4038729324751,0.15740898737962766,116.91674813710436,3002.0882171247436,0
12,13,2026-01-01 02:00:00,553.595944677652,0.11428150964638455,116.5804348423363,2999.471191792324,0
12,14,2026-01-01 02:10:00,555.2785257790301,0.16988758954551922,118.1893043054585,2986.0150358155274,0
12,15,2026-01-01 02:20:00,554.0164232402165,0.17515241529701858,121.00408195849599,2978.348350854,0
12,16,2026-01-01 02:30:00,553.5152504578228,0.1736554732710228,116.54036922785123,2960.788017126137,0
12,17,2026-01-01 02:40:00,553.6681222881404,0.22118383215645973,120.1944791889496,2984.9862033752242,0
12,18,2026-01-01 02:50:00,557.6757118538271,0.15864197771179178,116.83691290138206,2970.029304365274,0
12,19,2026-01-01 03:00:00,556.7315578897267,0.16281674245325808,114.77461994156111,2967.3007407758932,0
12,20,2026-01-01 03:10:00,556.1055357590625,0.11854839219709798,119.35406908239554,2996.502727114013,0
12,21,2026-01-01 03:20:00,555.4023688619197,0.22983226264848367,121.43144921862783,2994.067927360484,0
12,22,2026-01-01 03:30:00,553.733978708468,0.10865885776739856,116.37548636120307,2973.540652845899,0
12,23,2026-01-01 03:40:00,554.7047390075154,0.1794550442679951,114.86025818219969,2956.4643357803857,0
12,24,2026-01-01 03:50:00,559.0635785907019,0.1475259593200876,118.82287298042093,2966.743261078953,0
12,25,2026-01-01 04:00:00,559.0256379183912,0.1764913648850574,115.97973856557775,2993.1596789851255,0
12,26,2026-01-01 04:10:00,554.4129783630876,0.12363462344385881,118.81242359172447,2984.40708360247,0
12,27,2026-01-01 04:20:00,556.9030204127399,0.21365862291181814,119.95513310145117,2969.4446671691,0
12,28,2026-01-01 04:30:00,558.3432280547987,0.14189678582227172,118.22645238251022,2976.533471566197,0
12,29,2026-01-01 04:40:00,558.3919445385678,0.2289427757527129,119.09779748625616,2943.6602799262996,0
12,30,2026-01-01 04:50:00,558.6134045709294,0.14745371047017183,119.0245286550955,2941.6551776727392,0
12,31,2026-01-01 05:00:00,554.2452972840001,0.22590889846549947,119.28424125044421,3002.7003760686853,0
12,32,2026-01-01 05:10:00,554.3116346908783,0.1560808756438723,117.30781283946278,2979.7718063185735,0
12,33,2026-01-01 05:20:00,561.581236403997,0.16723094708814537,118.68858763739601,2971.329278789976,0
12,34,2026-01-01 05:30:00,562.8422929879799,0.19431415268471686,117.37228175318218,2964.4804398485717,0
12,35,2026-01-01 05:40:00,554.1152191915653,0.1631203846016695,117.73916208300089,2943.1377075483324,0
12,36,2026-01-01 05:50:00,,0.1646686737207681,122.97298785722855,2983.593864086204,0
12,37,2026-01-01 06:00:00,561.4910654354782,0.16911310118818634,117.2658097428235,2950.7727555095657,0
12,38,2026-01-01 06:10:00,552.6821427495904,0.21820082073773478,113.70013230830631,2977.519261419133,0
12,39,2026-01-01 06:20:00,556.3180299040238,0.20838526129278515,116.21385729713863,2968.0669680048773,0
12,40,2026-01-01 06:30:00,559.5060176292708,0.2135419220836097,115.90068761915023,2964.4359743424957,0
12,41,2026-01-01 06:40:00,558.2354579448688,0.2015615903624269,115.90519540518643,2944.8123313009874,0
12,42,2026-01-01 06:50:00,560.8991696338715,0.23968192794149668,118.25471093946244,2944.142510799476,0
12,43,2026-01-01 07:00:00,564.9277504308772,0.26300007644331264,118.52205236054544,2968.457711446863,0
12,44,2026-01-01 07:10:00,558.2024766826777,0.24736305685916435,115.96264255808347,2962.927382801083,0
12,45,2026-01-01 07:20:00,561.1562534565549,0.21939692717497955,113.30320782470127,2961.577071316342,0
12,46,2026-01-01 07:30:00,560.2156116310174,0.182418596653027,116.19819115036621,2964.2906238877054,0
12,47,2026-01-01 07:40:00,561.9036611416107,0.6215105558148645,114.82626599406954,2930.0792824307027,0
12,48,2026-01-01 07:50:00,561.7565307921309,0.2358742150588002,116.24689638446438,2973.4880271643246,0
12,49,2026-01-01 08:00:00,569.8952902495715,0.16246575085673867,115.49720665040279,2952.052808238611,0
12,50,2026-01-01 08:10:00,566.696993246108,0.2380225881788644,118.08488914984565,2974.0664144622415,0
12,51,2026-01-01 08:20:00,557.7300195250448,0.30597791944564656,116.11483348423214,2925.527313841256,0
12,52,2026-01-01 08:30:00,560.0169870154303,0.20768917529044162,114.39787758112223,2963.3179987785634,0
12,53,2026-01-01 08:40:00,560.6283847471133,0.2064154810586496,112.6202398530584,2962.306732945175,0
12,54,2026-01-01 08:50:00,559.503695286747,0.28744570566050087,115.20831949829017,2930.75148816052,0
12,55,2026-01-01 09:00:00,559.3459980141544,0.15392405305825985,115.12851659645538,2942.5850712794463,0
12,56,2026-01-01 09:10:00,563.1605528998286,0.28568820463283123,114.60551328520135,2935.411751886834,0
12,57,2026-01-01 09:20:00,561.7211546992695,0.33349521507446833,116.5941257636767,2963.382971946274,0
12,58,2026-01-01 09:30:00,561.5124016092977,0.24427120853913342,112.19096475705528,2954.198544634643,0
12,59,2026-01-01 09:40:00,570.4907697573653,0.24189357174099352,113.34447709031215,2972.6783845624395,0
12,60,2026-01-01 09:50:00,562.6612801811992,0.311833446081675,114.88844389462444,2950.870395970751,0
12,61,2026-01-01 10:00:00,563.5889750774301,0.24604891147383962,113.5766357360031,2957.940184542474,0
12,62,2026-01-01 10:10:00,567.3874129392387,0.33003435575467144,113.89527717582108,2963.6671176424466,0
12,63,2026-01-01 10:20:00,564.0680232794289,0.2588289497509527,114.40123639470643,2953.533792201964,0
12,64,2026-01-01 10:30:00,562.1551533816884,0.3780139762111083,115.80671247552291,2938.58507804268,0
12,65,2026-01-01 10:40:00,565.1229200188795,0.3387234403848948,114.14667877985706,2934.923844190642,0
12,66,2026-01-01 10:50:00,572.1675046165144,0.3187830945626014,110.32150065251376,2941.412694239246,0
12,67,2026-01-01 11:00:00,564.9415432944226,0.39079846331915735,112.96831902544284,2953.687887281934,0
12,68,2026-01-01 11:10:00,563.8951345751192,0.3688137331911947,115.07852507233929,2929.3780192895974,0
12,69,2026-01-01 11:20:00,568.1356909925471,1.528276926705795,115.52534727753311,2949.7823028926955,0
12,70,2026-01-01 11:30:00,566.2018217544113,0.26362101361454393,115.54875923461309,2943.969919557263,0
12,71,2026-01-01 11:40:00,575.5811128178018,0.3155041561266007,116.02844229644586,2919.461277717225,0
12,72,2026-01-01 11:50:00,565.2480047969941,0.3924712039706993,113.97600498896259,2946.4443332356823,0
12,73,2026-01-01 12:00:00,573.0544530301954,0.30261747717528764,114.17850387478278,2938.65055432322,0
12,74,2026-01-01 12:10:00,571.5879947366236,0.32963808230040603,111.53740029878519,2927.394310745189,0
12,75,2026-01-01 12:20:00,567.1983553949822,0.32510439190238205,109.12911024399612,2936.694037286366,0
12,76,2026-01-01 12:30:00,568.57641063777,0.3878806624668384,110.5561391806703,2926.238278129,0
12,77,2026-01-01 12:40:00,565.7418821634969,0.4162057437010559,111.90067272270608,2936.758559231216,0
12,78,2026-01-01 12:50:00,567.4607623676527,0.42219690570395196,110.49798220168621,2929.6545074987803,0
12,79,2026-01-01 13:00:00,568.155314685106,0.35552864665238354,112.5445809024884,2908.355484345943,0
12,80,2026-01-01 13:10:00,570.0387779843358,0.4112930327662028,112.11930173958704,2928.364248280462,0
12,81,2026-01-01 13:20:00,565.5717422307735,0.365933452407019,114.83217576693455,2922.924958959842,0
12,82,2026-01-01 13:30:00,570.9888018370958,,110.93129224181557,2938.2294474883947,0
12,83,2026-01-01 13:40:00,569.8613077795883,0.4353299990050997,113.06377253002007,2941.0226143957075,0
12,84,2026-01-01 13:50:00,571.737801663908,0.4633907412534471,111.85611678707937,2919.321495311673,0
12,85,2026-01-01 14:00:00,572.4299634049939,0.3414490966240641,110.59553851952018,2914.246024372953,0
12,86,2026-01-01 14:10:00,570.3548023640848,0.43793640845029086,111.06631622249859,2900.0150805879634,0
12,87,2026-01-01 14:20:00,572.7417672437174,0.49692559319979884,108.33226319853517,2912.1372692416953,0
12,88,2026-01-01 14:30:00,571.2602106461569,0.456642274351476,113.84451974074378,2918.629229253681,0
12,89,2026-01-01 14:40:00,573.9967233161103,0.4574544600232637,115.06539207271344,2902.519745609861,0
12,90,2026-01-01 14:50:00,572.9592470142966,0.43850287084059625,111.63898080939603,2935.1361793197357,0
12,91,2026-01-01 15:00:00,572.7985592860468,0.5232032992407517,112.14508069652774,2924.801994624002,0
12,92,2026-01-01 15:10:00,572.1926620715979,0.45432863619154906,111.40828431918828,2918.1937492897014,0
12,93,2026-01-01 15:20:00,576.6320129562413,0.47809763969393626,110.27286091520075,2918.8803652166816,0
12,94,2026-01-01 15:30:00,574.2046861226677,0.47047549932375926,113.2358926769435,2922.851543868994,0
12,95,2026-01-01 15:40:00,569.2693082331781,0.5008690537999557,112.37726708508583,2926.8877290158684,0
12,96,2026-01-01 15:50:00,572.0624085617736,0.5609013162568239,105.82790515428525,2928.656853683144,0
12,97,2026-01-01 16:00:00,573.037071661976,0.4750417737485781,109.49599589648611,2911.0152089833473,0
12,98,2026-01-01 16:10:00,,0.5232757600596778,107.37213837043717,2912.6535844938876,0
12,99,2026-01-01 16:20:00,574.7420785754186,0.5419805998574035,114.50213303860326,2916.5075950674236,0
12,100,2026-01-01 16:30:00,571.6238715963,0.5014859206503754,110.96069028119547,2910.3020583411,0
12,101,2026-01-01 16:40:00,574.497093375277,0.5393365538463084,111.69879442774038,2925.2586742817816,0
12,102,2026-01-01 16:50:00,574.0032881321484,0.6235455707531782,110.42384451244824,2929.7141843981585,0
12,103,2026-01-01 17:00:00,578.4444501195662,0.48662396658202456,113.24887171344973,2915.595882326618,0
12,104,2026-01-01 17:10:00,572.4495476807318,0.5484638797364638,112.67793208431931,2895.9423427719057,0
12,105,2026-01-01 17:20:00,575.6272120260625,0.5833594549463909,110.43860685135029,2916.3216689863943,0
12,106,2026-01-01 17:30:00,573.8677577064568,0.566401317143534,114.21859480700262,2913.581572769684,0
12,107,2026-01-01 17:40:00,581.757466007429,0.7050676918282357,111.06628845837879,2892.075891359368,0
12,108,2026-01-01 17:50:00,580.1828842862213,0.6198209753949796,107.68844550189627,2911.82595591167,0
12,109,2026-01-01 18:00:00,571.7305349494803,0.5644309281926152,110.7217766054619,2897.054533524658,0
12,110,2026-01-01 18:10:00,574.5135328577862,0.5211444651066583,111.46966392414822,2915.539233313116,0
12,111,2026-01-01 18:20:00,579.7595090066379,0.6367118142832311,110.08137658185997,2910.982318696565,0
12,112,2026-01-01 18:30:00,578.7631534919557,0.6014387511157515,109.43790347473147,2905.95349373471,0
12,113,2026-01-01 18:40:00,578.9136649131564,0.6918589884553049,113.7026356759382,2902.31733144312,0
12,114,2026-01-01 18:50:00,578.4529928998875,0.6380247536650591,107.71523160430847,2868.8689841173464,0
12,115,2026-01-01 19:00:00,580.9785996552038,0.6350784343732188,104.4725723497801,2881.78587343014,0
12,116,2026-01-01 19:10:00,580.7124950305837,0.643272533373936,113.15115154012057,2897.1684164857606,0
12,117,2026-01-01 19:20:00,577.7424620156241,0.7150895021138518,107.37399216434244,2921.0516227822704,0
12,118,2026-01-01 19:30:00,575.260920152393,0.7012759680961941,109.16589435778619,2905.8615203698178,0
12,119,2026-01-01 19:40:00,574.0330650859858,0.7639912226378355,108.89730960291898,2923.7324340663185,0
12,120,2026-01-01 19:50:00,579.0369099112452,0.6943257720626476,112.02871437270139,2896.896981817857,0
12,121,2026-01-01 20:00:00,574.0726863116166,0.746675132058681,112.34797362881895,2894.319847238273,0
12,122,2026-01-01 20:10:00,580.5899466927654,0.7566896936600197,106.80655343961571,2915.2899212770667,0
12,123,2026-01-01 20:20:00,579.1574271247781,0.7578746789543005,112.01816708245775,2890.6552636882793,0
12,124,2026-01-01 20:30:00,586.1578200659061,0.7200121144593065,111.8942119367802,2877.3768644462607,0
12,125,2026-01-01 20:40:00,581.60003999139,0.7689038306536274,109.16914466445863,2896.0556595903477,0
12,126,2026-01-01 20:50:00,580.7275418526174,0.7557156899210695,110.90856337150927,2907.2724923385813,0
12,127,2026-01-01 21:00:00,576.2112734495047,0.7643794105930113,111.02218164701995,2877.1760046950862,0
12,128,2026-01-01 21:10:00,577.517384570139,0.7468791195235156,108.36470951493952,2897.5313052690835,0
12,129,2026-01-01 21:20:00,,0.7041662471371605,108.46747558055154,2886.4275393265566,0
12,130,2026-01-01 21:30:00,580.8541882779024,0.8488599127909898,109.8743082680619,2893.7267685076363,0
12,131,2026-01-01 21:40:00,589.6441707223794,0.8262090502723846,105.35164571890229,2890.7899646774154,0
12,132,2026-01-01 21:50:00,582.0334548111464,0.7653174398329607,107.81412579740561,2879.0028254298104,0
12,133,2026-01-01 22:00:00,583.0339407534598,0.8579292360022596,106.03406511608895,2882.7550081712284,0
12,134,2026-01-01 22:10:00,578.821048186001,0.8901984821014622,111.19498249295455,2878.179843468558,0
12,135,2026-01-01 22:20:00,585.8585990443721,0.8809088008932213,107.52970431621274,2884.3899189527697,0
12,136,2026-01-01 22:30:00,580.4837069029701,0.8245424123551892,108.72666048966497,2869.0476724146893,0
12,137,2026-01-01 22:40:00,585.0786710283409,0.8414108961322165,107.6501326497941,2871.763291184969,0
12,138,2026-01-01 22:50:00,586.1853799425119,0.8593349594061022,107.43303182908353,2873.7905939172106,0
12,139,2026-01-01 23:00:00,584.2801449945954,0.9263296162557139,108.33497605343412,2885.0059783669294,0
12,140,2026-01-01 23:10:00,589.5100432416946,0.9217576382230532,106.36479962691746,2857.027860625895,0
12,141,2026-01-01 23:20:00,582.6515864372232,1.0250007244082413,107.34216573184746,2875.784359825212,0
12,142,2026-01-01 23:30:00,589.7548815089299,0.8586202686087894,107.24048791857331,2865.8986041671324,0
12,143,2026-01-01 23:40:00,581.1599880311568,0.933095144987159,106.71878679156777,2869.4809952077694,0
12,144,2026-01-01 23:50:00,587.6144767799868,0.8691090712897882,108.26037468505571,2864.8800707329256,0
12,145,2026-01-02 00:00:00,585.0347160778648,0.9811821969077171,106.49731248379713,2876.8316231920057,0
12,146,2026-01-02 00:10:00,583.5821239657906,1.011165860360257,110.52657779091086,2870.686778837086,0
12,147,2026-01-02 00:20:00,580.9672507103257,1.0374249110223326,108.47531952042888,2882.8480663982973,0
12,148,2026-01-02 00:30:00,585.4136447421625,0.9986089366446483,104.43181467312588,2877.3303189073367,0
12,149,2026-01-02 00:40:00,585.4687721507622,0.9259398605126072,108.14523414894681,2847.3790913428447,0
12,150,2026-01-02 00:50:00,587.203501277559,1.0119472707783361,105.57756234411464,2855.1652315318747,0
12,151,2026-01-02 01:00:00,589.1037927550192,1.0429825834736397,107.14094556820221,2866.099042882053,0
12,152,2026-01-02 01:10:00,584.7485145241623,0.9969397074685886,105.32021781439748,2867.182059046476,0
12,153,2026-01-02 01:20:00,592.6932813043815,1.038257776899556,102.3068443991607,2853.8798101929433,0
12,154,2026-01-02 01:30:00,586.047439341344,1.0095630996823208,106.56522866631713,2885.646572079457,1
12,155,2026-01-02 01:40:00,589.7141906327344,1.048001861358767,103.65290761273886,2878.1877074159315,1
12,156,2026-01-02 01:50:00,588.4226760628334,1.1209504586173424,107.27421338615831,2839.676713449493,1
12,157,2026-01-02 02:00:00,587.8006099894681,1.1236768628621998,106.69739573856955,2868.6596562749423,1
12,158,2026-01-02 02:10:00,588.7614758946212,1.0527569096036389,105.05310047733623,2861.9217476013373,1
12,159,2026-01-02 02:20:00,586.0650070107056,1.0925384249073318,109.82498711952624,2880.3972560433513,1
12,160,2026-01-02 02:30:00,587.9677363848914,1.135270446876852,103.60838158713037,2837.321306304237,1
12,161,2026-01-02 02:40:00,585.3557342401116,1.1543734727419148,104.75132469748766,2890.8978221686007,1
12,162,2026-01-02 02:50:00,587.9717542090305,1.1311991980935496,103.67166031349338,2846.4862498586094,1
12,163,2026-01-02 03:00:00,588.4641296537288,1.1892526506848486,109.90871902104017,2863.938771849198,1
12,164,2026-01-02 03:10:00,592.6443597404879,1.1813391837692013,108.44361871807476,2848.295949694241,1
12,165,2026-01-02 03:20:00,589.3574852895241,1.0923181977943868,102.80793018438263,2850.8793553490195,1
12,166,2026-01-02 03:30:00,589.2535812157444,1.185226287097968,103.91405530799716,2830.31090407084,1
12,167,2026-01-02 03:40:00,591.50251180431,1.1968705785460498,103.89494355265502,2872.7359101544002,1
12,168,2026-01-02 03:50:00,591.6295143497068,1.2608738591687085,104.28985031230039,2849.8683331946386,1
12,169,2026-01-02 04:00:00,589.5583997251855,1.2745253798840972,103.21878651842033,2850.0186095703743,1
12,170,2026-01-02 04:10:00,592.7587721340782,1.1928157946449263,104.00588923032525,2886.8611416262193,1
12,171,2026-01-02 04:20:00,591.2847105808788,1.2903324666881801,107.14017932072868,2865.695988461036,1
12,172,2026-01-02 04:30:00,590.2872274893393,1.2830055293597757,108.93730293302754,2840.409363466111,1
12,173,2026-01-02 04:40:00,590.8233461158786,1.3042683421094885,101.86772538137559,2840.411378885837,1
12,174,2026-01-02 04:50:00,595.4023998941428,1.2879823634866552,102.78735097085689,2852.592670332836,1
12,175,2026-01-02 05:00:00,,1.3234631216148125,105.20972758441263,2859.387035659229,1
12,176,2026-01-02 05:10:00,593.826854270388,1.3854270615609787,101.53504089468095,2873.2431524862527,1
12,177,2026-01-02 05:20:00,589.4408426851195,1.357455884995037,105.08755969495635,2821.9654661399068,1
12,178,2026-01-02 05:30:00,596.878523690829,1.3649026482214088,105.60194470469423,2856.122680914659,1
12,179,2026-01-02 05:40:00,592.028191090568,1.3611396391342305,105.8360877087496,2857.662865758482,1
12,180,2026-01-02 05:50:00,595.2226076206664,1.4361828649490023,105.37211513994899,2831.6356580995343,1
12,181,2026-01-02 06:00:00,593.5115999638168,1.3567227642709299,103.19037247090459,2837.204797129265,1
12,182,2026-01-02 06:10:00,595.6773720385947,1.3898139380458852,103.81057392054485,2817.284155766446,1
12,183,2026-01-02 06:20:00,596.0857554437029,1.3823795078665806,101.72790134945254,2833.356159782623,1
12,184,2026-01-02 06:30:00,594.5660102193697,,104.92867730927526,2843.481411270837,1
